<?xml version="1.0" encoding="UTF-8"?>
<config>
     <formular name="sloejfning_olietank">
        <header>Erklæring om sløjfning af olietank under 6000 l</header>
        <subheader>Jeg bekræfter herved, at olietanken er sløjfet i overenstemmelse med Bekendtgørelse. nr. 1321 af 21. december 2011</subheader>
        <!-- <help displayname="Hjælp"><![CDATA[<b>Hjælp</b><br/>Her står der hvordan du kan bruge siden. Man kan skrive HTML ind i hjælpeteksten. Det kunne også være billeder og <a href="http://spatialmap.com">links</a>]]></help>         -->
        <!-- <submitpage>formular.send.sloejfning_olietank.oldfashion</submitpage> -->
		<submitpages>
			<page parser="setFrid">formular.create-frid</page>
			<page parser="setPdf">formular.send.sloejfning_olietank.pdf</page>
            <page>formular.send.sloejfning_olietank.save</page>
            <page>formular.move.pdf</page>
            <!-- <page>sbsys.sloejfning_olietank.attach-document</page> -->
			<page>formular.send.sloejfning_olietank.mail</page>
        </submitpages>

        <!-- <reportmapscale>500</reportmapscale> -->
        <reportprofile>ekstern_all</reportprofile>
        <reportlayers>default</reportlayers>
        <reportxsl>sloejfning_olietank</reportxsl>
		<js>/js/custom/sloejfning_olietank.js</js>
        <content>

			<input type="hidden" urlparam="sbsys_brugerid" defaultvalue="DQ19040"/> <!-- 19040 -->
			<input type="hidden" urlparam="doktitel" defaultvalue="Ansøgning om sløjfning af olietank under 6000 l"/>

            <input type="text" displayname=" "/>
            <!-- <address urlparam="address" displayname="Ansøgningsadresse:" resources="Adresser" filter="muncode0730" usegeometry="true" regexp="+." validate="Der skal være indtastet en adresse!"/> -->
			<address urlparam="address" displayname="Ansøgningsadresse:" apikey="[module.spatialaddress.apikey]" filter="[module.spatialaddress.filter]" regexp=".+" validate="Det skal være indtastet en adresse!"></address>
			
           <!-- <address urlparam="address" displayname="Ansøgningsadresse:" apikey="[module.spatialaddress.apikey]" filter="[module.spatialaddress.filter]" regexp="[a-zæøå]" validate="Det skal være indtastet en adresse!"></address> -->

            <input type="text" displayname=" "/>
            <input type="text" displayname="Du skal nu angive på kortet, hvor olietanken er/var placeret. Vælg punkt-knappen og tegn i kortet:"/>
            <maptools>
                <maptool name="point"/>
            </maptools>
            <map>
                <extent>539430.4,6237856,591859.2,6290284.8</extent>
                <resolutions>0.2,0.4,0.8,1.6,3.2,6.4,12.8,25.6,51.2,102.4</resolutions>
                <themes>
                    <theme name="theme-grundkort_graa" host="//tile2.randers.dk/service/wms"/>
                    <theme name="theme-projekterede_bygninger" host="/wms?servicename=randers_wms" singleTile="true" maxScale="8000"/>
                    <theme name="theme-vejnavne" host="/wms?servicename=randers_wms" singleTile="true"/>
                    <theme name="theme-nybbr_adgadrgeoview" host="/wms?servicename=randers_wms" singleTile="true" maxScale="3000"/>
                </themes>
            </map>
			<conflicts urlparam="konflikttekst2" displayname="Ejerinformationer:" targerset="ejendomalleejer" onconflict="haandterEjer(this);" onnoconflict="ingenData();"/>
            <conflicts urlparam="konflikttekst1" displayname="Erklæringen vedrører følgende ejendom(e):" targerset="ejendom" />
            <input type="dropdown" displayname="Placering:" urlparam="placering">
                <option value="Opvarmet rum" name="Opvarmet rum"/>
                <option value="Overjordisk" name="Overjordisk"/>
                <option value="Underjordisk" name="Underjordisk"/>
            </input>
            <input type="dropdown" displayname="Anvendelse:" urlparam="anvendelse">
                <option value="Fyringsolie" name="Fyringsolie"/>
                <option value="Diesel" name="Diesel"/>
                <option value="Benzin" name="Benzin"/>              
                <option value="Andet" name="Andet"/>
            </input>    
            <input type="input" urlparam="andenanvendelse" displayname="Evt. anden anvendelse"/>     
            <input type="dropdown" displayname="Erklæring om tanken:" urlparam="erklaering">
                <option value="Opgravet/tømt og fjernet fra ejendommen" name="Opgravet/tømt og fjernet fra ejendommen"/>
                <option value="Tanken er tømt og afblændet" name="Tanken er tømt og afblændet"/>
                <option value="Tanken er tømt, afblændet og sandfyldt" name="Tanken er tømt, afblændet og sandfyldt"/>
                <option value="Tanken er fjernet fra ejendommen" name="Tanken er fjernet fra ejendommen"/>
             </input>
             <input type="dropdown" displayname="Bygningen opvarmes nu med:" urlparam="opvarmning">
                <option value="Fjernvarme/blokvarme" name="Fjernvarme/blokvarme"/>
                <option value="Varmepumpe" name="Varmepumpe"/>
                <option value="Jordvarme" name="Jordvarme"/>
				<option value="Naturgas" name="Naturgas"/>
				<option value="Gasværksgas" name="Gasværksgas"/>
				<option value="Flydende brændsel" name="Flydende brændsel (olie, petroleum, flaskegas)"/>
				<option value="Fast brændsel" name="Fast brændsel (kul, koks, brænde mm.)"/>
				<option value="Elovne" name="Elovne, elpaneler"/>
				<option value="Halm" name="Halm"/>
				<option value="Andet" name="Andet"/>
            </input>    
            <input type="dropdown" urlparam="andenopvarmning" displayname="Supplerende opvarmning">     
                <option value="Varmepumpeanlæg" name="Varmepumpeanlæg"/>
                <option value="Ovne fast brændsel" name="Ovne til fast brændsel (brændeovn o.lign.)"/>
                <option value="Ovne flydende brændsel" name="Ovne til flydende brændsel"/>
				<option value="Solpaneler" name="Solpaneler"/>
				<option value="Pejs" name="Pejs"/>
				<option value="Gasradiator" name="Gasradiator"/>
				<option value="Elovne" name="Elovne, elpaneler"/>
				<option value="Biogasanlæg" name="Biogasanlæg"/>
				<option value="Andet" name="Andet"/>
				<option value="Ingen" name="Bygningen har ingen supplerende varme"/>
            </input>    

            <input type="text" displayname="Er tankstørrelsen ukendt angives værdien: 0"/>
			<input type="input" displayname="Tankstørrelse (liter):" urlparam="tankstoerelse" regexp="^[0-9][0-9]*$" validate="Indtast tankens størrelse i liter!"/>
            <input type="text" displayname="Er fabrikationsåret ukendt angives værdien: 1900"/>
			<input type="input" displayname="Fabrikationsår:" urlparam="fabrikatsaar" regexp="^[1-2][0-9][0-9][0-9]$" validate="Indtast årstallet, hvor tanken blev lavet!"/>           
            <input type="text" displayname="Er fabrikatet ukendt angives værdien: ukendt"/>
			<input type="input" displayname="Fabrikat:" urlparam="fabrikat" regexp=".+" validate="Indtast fabrikant"/>
            <input type="date" displayname="Sløjfningsdato:" urlparam="sloejfningsdato" regexp="[0-3][0-9]\.[0-1][0-9]\.[1-2][0-9][0-9][0-9]" validate="Vælg en dato!"/>
            <input type="input" displayname="Navn:" urlparam="navn" id="navn" regexp=".+" validate="Indtast navn!"/>
            <input type="input" displayname="E-mail:" id="email1" urlparam="email"/>
            <input type="text" displayname="Indtast e-mail igen, for at verificere:"/>
            <input type="input" displayname="E-mail:" id="email2" urlparam="email" onkeyup="formular.compare('email1','email2','De to skal være ens')"/>
            <input type="input" displayname="Tlf. nr.:" urlparam="tlf"/>
            <confirm displayname="Følgende oplysninger er indtastet. Er det korrekt?"/>
            <submitbutton displayname="Opret endnu en ansøgning" function="window.open('https://ddr.randers.dk/FrontEnd.aspx?id=48342')"/>
            <submitbutton displayname="Link til Miljø's hjemmeside om olietanke" function="window.open('https://miljo.randers.dk/FrontEnd.aspx?id=5787')"/>
        </content>
     </formular>

</config>