<?xml version="1.0" encoding="UTF-8"?>
<pages>

	<!--
	Generelt er der ikke lavet om i indholdet af en PAGE - den gamle page bliver blot splittet op i flere PAGES.
	I gamle dag ville en PAGE står for at gemme i databse, skabe en PDF og sende den.
	Vi kan stadig det samme - blot skal hvert enkelt funktion lagres i en selvstaendig PAGE.
	Herunder er der:
		en PAGE til at oprette sagen i SBSys: sbsys.arrangement150.create-case
		en PAGE til at skabe PDF´en: formular.send.arrangement150.pdf
		en PAGE til at gemme i database: formular.send.arrangement150.save
		en PAGE til at gemme i database: formular.send.arrangement150.save
		en PAGE til at forbinde PDF´en til SBSys sagen: sbsys.arrangement150.attach-document
		
	-->
	<!--
	Denne del gemmer i SBSys. De elementer der skal pilles ved er: brugerid,klenummer,facetnummer,titel
	-->
	<page name="sbsys.soe.create-case" contenttype="application/json" sessionrequired="true">
		<data handler="dk.septima.integration.sbsys.SbsysHandler" operation="create">
			<url-parameters>
				<url-parameter name="brugerid" value="DQ19040" />
				<url-parameter name="statuskode" value="Created"/>
				<url-parameter name="beskyttet" value="0"/>										
				<url-parameter name="klenummer">klenummer</url-parameter>								
				<url-parameter name="facetnummer">facetnummer</url-parameter>
				<url-parameter name="titel">hvad</url-parameter>
				<url-parameter name="sagsbehandler" value="demo1"/>								
				<url-parameter name="oprettetdato" value="!now"/>								
				<url-parameter name="bortskaffelseskode" value="K"/>							
			</url-parameters>
		</data>
	</page>
	<page name="sbsys.soe.journalNr" contenttype="application/json" sessionrequired="true">
		<data handler="dk.septima.integration.sbsys.SbsysHandler" operation="get">
			<url-parameters>
				<url-parameter name="brugerid" value="DQ19040"></url-parameter>
				<url-parameter name="sagsnummer">frid</url-parameter>
			</url-parameters>
		</data>		
	</page>
	
	<!--
	Denne del skabet selve PDF´en. Det er ligesom i gamledag, blot ligger den i en PAGE for sig selv
	-->
    <page name="formular.send.soe.pdf" contenttype="application/json" sessionrequired="true" resultpassing="pass-all">
        <include src="[module:formular.dir]/pages/pages-includes.xml" nodes="/pages/page[@name='formular.send']/*" mustexist="true"/>
    </page>

	<!--
	Denne del gemmer i databasen. Det er ligesom i gamle dage, med en datasource - blot ligger den i en PAGE for sig selv
	-->
	<page name="formular.send.soe.save" contenttype="application/json" sessionrequired="true">
		<data handler="datasource" operation="execute-command">
            <url-parameters>
                <url-parameter name="datasource" value="ds_formular_soe"/>
                <url-parameter name="command" value="write"/>
            </url-parameters>
        </data>
    </page>
	
	<!--
	Denne del sender en mail. Det er ligesom i gamle dage - blot ligger den i en PAGE for sig selv. 
	Dette giver også mulighed for at sende flere mail til forskellige personer og med forskelligt indhold
	-->
	<page name="formular.send.soe.mail" contenttype="application/json" sessionrequired="true">
        <data handler="datasource" operation="execute-command">
            <url-parameters>
                <url-parameter name="datasource" value="mailsender"/>
                <url-parameter name="command" value="sendmail"/>
                <url-parameter name="sendto_ref">frid</url-parameter>
                <url-parameter name="sendto_email">'to:'+email+',bcc:miljoe@randers.dk'</url-parameter>
                <url-parameter name="sendto_subject">'Ansøgning om ' + hvad + ' (journalnr:' + journalnr +')'</url-parameter>
                <url-parameter name="sendto_content">'Til '+navn1+'
                
Tak for ansøgning

Randers Kommune har modtaget din ansøgning om etablering eller opresning/udvidelse af vandhuller.
Du kan forvente at høre mere fra os i løbet af 2-4 uger


Med venlig hilsen
Lars Sandberg
Biolog'

</url-parameter>
                <url-parameter name="sendto_attached">'kvittering.pdf;[cbinfo.wwwroot.dir]/formular/kvitteringer/'+formular+'_'+frid+'.pdf'</url-parameter>
            </url-parameters>
        </data>
    </page>

	<page name="sbsys.soe.attach-document" contenttype="application/json" sessionrequired="true">
		<data handler="dk.septima.integration.sbsys.SbsysHandler" operation="attach">
			<url-parameters>
				<url-parameter name="brugerid" value="DQ19040" />
				<url-parameter name="type" value="InternalDocument"/>
				<url-parameter name="titel">hvad</url-parameter>
				<url-parameter name="journalbeskrivelse" value="i kabinetskab"/>				
				<url-parameter name="oprettetdato" value="!now"/>								
				<url-parameter name="oprettetaf" value="demo1"/>								
				<url-parameter name="filsti">'[module.formular.pdf.dir]/'+formular+'_'+frid+'.pdf'</url-parameter> 
				<url-parameter name="sagsnummer">frid</url-parameter>			
			</url-parameters>
		</data>
	</page>

    <page name="formular.send.oldfashion" contenttype="text/xml" resultpassing="pass-all">
          <data handler="datasource" operation="execute-command">
            <url-parameters>
                <url-parameter name="datasource" value="ds_formular_soe"/>
                <url-parameter name="command" value="write"/>
            </url-parameters>
        </data> 
        <data handler="datasource" operation="execute-command">
            <url-parameters>
                <url-parameter name="datasource" value="mailsender"/>
                <url-parameter name="command" value="sendmail"/>
                <url-parameter name="sendto_ref">sessionid</url-parameter>
                <url-parameter name="sendto_email">'to:'+email+',bcc:jr@randers.dk'</url-parameter>
                <url-parameter name="sendto_subject">'Ansøgning om vandhul'</url-parameter>
                <url-parameter name="sendto_content">'Til '+navn+'
                
                Tak for din henvendelse.
                
                
                
                
                Venlig hilsen
                
                Natur og Miljø
                Randers Kommune'</url-parameter>
                <url-parameter name="sendto_ref">sessionid</url-parameter>
                <url-parameter name="sendto_attached">'kvittering.pdf;[cbinfo.wwwroot.dir]/formular/kvitteringer/'+formular+'_'+sessionid+'.pdf'</url-parameter>
            </url-parameters>
        </data>
         
        <include src="[module:formular.dir]/pages/pages-includes.xml" nodes="/pages/page[@name='formular.send']/*" mustexist="true"/>
    </page>
</pages>