<?xml version="1.0" encoding="UTF-8"?>
<themes>
        <theme module="formular-sporgeskema" name="theme-formular_spoergeskemaer_ove">
            <themeselector>
                <initialstate>available</initialstate>
                <group>tilfredshedsundersoegelser</group>
                <displayname>Spørgeskemaer - Miljø og landbrug</displayname>
                <selectable>true</selectable>
            </themeselector>
            <downloadable>true</downloadable>
        </theme>
        <theme module="formular-sporgeskema" name="theme-formular_spoergeskemaer_britta">
            <themeselector>
                <initialstate>available</initialstate>
                <group>tilfredshedsundersoegelser</group>
                <displayname>Spørgeskemaer - Plan</displayname>
                <selectable>true</selectable>
            </themeselector>
            <downloadable>true</downloadable>
        </theme>
        <theme module="formular-sporgeskema" name="theme-formular_spoergeskemaer_lars">
            <themeselector>
                <initialstate>available</initialstate>
                <group>tilfredshedsundersoegelser</group>
                <displayname>Spørgeskemaer - Byg</displayname>
                <selectable>true</selectable>
            </themeselector>
            <downloadable>true</downloadable>
        </theme>
		<theme module="formular-randers" name="theme-formular_udsend_sporgeskema">
            <themeselector>
                <initialstate>available</initialstate>
                <group>tilfredshedsundersoegelser</group>
                <displayname>Udsend spørgeskema</displayname>
                <selectable>true</selectable>
            </themeselector>
            <downloadable>true</downloadable>
        </theme>

</themes>