<?xml version="1.0" encoding="UTF-8"?>
<themes>
        
        <theme module="formular-randers" name="theme-formular_lejede_arealer">
            <themeselector>
                <initialstate>available</initialstate>
                <group>selvbetjeninginternt</group>
                <displayname>Lejede arealer</displayname>
                <selectable>true</selectable>
            </themeselector>
            <downloadable>true</downloadable>
        </theme>
        
        <theme module="formular-randers" name="theme-formular_kommunale_lejemaal">
            <themeselector>
                <initialstate>available</initialstate>
                <group>selvbetjeninginternt</group>
                <displayname>Kommunale lejemål</displayname>
                <selectable>true</selectable>
            </themeselector>
            <downloadable>true</downloadable>
        </theme>
        

</themes>