<?xml version="1.0" encoding="UTF-8"?>
<themes>
	<theme module="formular-randers" name="theme-formular_klage_parkering">
		<themeselector>
			<initialstate>available</initialstate>
			<group>selvbetjeningborgere</group>
			<displayname>Klage parkeringsafgifts</displayname>
			<selectable>true</selectable>
		</themeselector>
		<downloadable>true</downloadable>
    </theme>
	<theme module="formular-randers" name="theme-formular_borgmesterkontoret">
		<themeselector>
			<initialstate>available</initialstate>
			<group>selvbetjeningborgere</group>
			<displayname>Tilmelding til nabohjælp borgermøde</displayname>
			<selectable>true</selectable>
		</themeselector>
		<downloadable>true</downloadable>
    </theme>
	<theme module="formular-randers" name="theme-formular_landzone_areal">
		<themeselector>
			<initialstate>available</initialstate>
			<group>selvbetjeningborgere</group>
			<displayname>Landzoneadmin - arealer</displayname>
			<selectable>true</selectable>
		</themeselector>
		<downloadable>true</downloadable>
    </theme>	
		<theme module="formular-randers" name="theme-formular_landzone_bygning">
		<themeselector>
			<initialstate>available</initialstate>
			<group>selvbetjeningborgere</group>
			<displayname>Landzoneadmin - bygning</displayname>
			<selectable>true</selectable>
		</themeselector>
		<downloadable>true</downloadable>
    </theme>	
	<theme module="formular-randers" name="theme-formular_ejendomavancebeskatning">
		<themeselector>
			<initialstate>available</initialstate>
			<group>selvbetjeningborgere</group>
			<displayname>Ejendomavancebeskatning</displayname>
			<selectable>true</selectable>
		</themeselector>
		<downloadable>true</downloadable>
    </theme> 	
        <theme module="formular-randers" name="theme-formular_jordflytning">
            <themeselector>
                <initialstate>available</initialstate>
                <group>selvbetjeningborgere</group>
                <displayname>Jordflytning</displayname>
                <selectable>true</selectable>
            </themeselector>
            <downloadable>true</downloadable>
        </theme>
        <theme module="formular-randers" name="theme-formular_parkering_forbud">
            <themeselector>
                <initialstate>available</initialstate>
                <group>selvbetjeningborgere</group>
                <displayname>Midlertidlige ophævelse af parkeringsforbud</displayname>
                <selectable>true</selectable>
            </themeselector>
            <downloadable>true</downloadable>
        </theme>
        <theme module="formular-randers" name="theme-formular_etabler_nedsivningsanlaeg">
            <themeselector>
                <initialstate>available</initialstate>
                <group>selvbetjeningborgere</group>
                <displayname>Etabler nedsivningsanlæg</displayname>
                <selectable>true</selectable>
            </themeselector>
            <downloadable>true</downloadable>
        </theme>

        <theme module="formular-randers" name="theme-formular_soe">
            <themeselector>
                <initialstate>available</initialstate>
                <group>selvbetjeningborgere</group>
                <displayname>Etablering af sø</displayname>
                <selectable>true</selectable>
            </themeselector>
            <downloadable>true</downloadable>
        </theme>
        <theme module="formular-randers" name="theme-formular_friv_nedriv">
            <themeselector>
                <initialstate>available</initialstate>
                <group>selvbetjeningborgere</group>
                <displayname>Friv nedrivning</displayname>
                <selectable>true</selectable>
            </themeselector>
            <downloadable>true</downloadable>
        </theme>
        <theme module="formular-randers" name="theme-formular_sloejfning_olietank">
            <themeselector>
                <initialstate>available</initialstate>
                <group>selvbetjeningborgere</group>
                <displayname>Erklæring om sløjfning af olietank</displayname>
                <selectable>true</selectable>
            </themeselector>
            <downloadable>true</downloadable>
        </theme>
		
        <theme module="formular-randers" name="theme-formular_slam">
            <themeselector>
                <initialstate>available</initialstate>
                <group>selvbetjeningborgere</group>
                <displayname>Anmeldelse udbringning af spildevandsslam</displayname>
                <selectable>true</selectable>
            </themeselector>
            <downloadable>true</downloadable>
        </theme>
        <theme module="formular-randers" name="theme-formular_midtidliger_overnat">
            <themeselector>
                <initialstate>available</initialstate>
                <group>selvbetjeningborgere</group>
                <displayname>Midlertidlige overnatninger</displayname>
                <selectable>true</selectable>
            </themeselector>
            <downloadable>true</downloadable>
        </theme>
        <theme module="formular-randers" name="theme-formular_arrangement_telt">
            <themeselector>
                <initialstate>available</initialstate>
                <group>selvbetjeningborgere</group>
                <displayname>Ansøgning om afvikling af arrangementer for mere en 150 i telt</displayname>
                <selectable>true</selectable>
            </themeselector>
            <downloadable>true</downloadable>
        </theme>
        <theme module="formular-randers" name="theme-formular_arrangement150">
            <themeselector>
                <initialstate>available</initialstate>
                <group>selvbetjeningborgere</group>
                <displayname>Ansøgning om afvikling af arrangementer for mere en 150 personer</displayname>
                <selectable>true</selectable>
            </themeselector>
            <downloadable>true</downloadable>
        </theme>
        <theme module="formular-randers" name="theme-formular_beholderudafdrift">
            <themeselector>
                <initialstate>available</initialstate>
                <group>selvbetjeningborgere</group>
                <displayname>Erklæring om, at beholder tages ud af drift</displayname>
                <selectable>true</selectable>
            </themeselector>
            <downloadable>true</downloadable>
        </theme>
        <theme module="formular-randers" name="theme-formular_sloejfning_boring">
            <themeselector>
                <initialstate>available</initialstate>
                <group>selvbetjeningborgere</group>
                <displayname>Sløfning af boringer og brønde</displayname>
                <selectable>true</selectable>
            </themeselector>
            <downloadable>true</downloadable>
        </theme>
        <theme module="formular-randers" name="theme-formular_midlertidig_aktiv">
            <themeselector>
                <initialstate>available</initialstate>
                <group>selvbetjeningborgere</group>
                <displayname>Anmeldelse af midlertidig forurende aktivitet</displayname>
                <selectable>true</selectable>
            </themeselector>
            <downloadable>true</downloadable>
        </theme>
        <theme module="formular-randers" name="theme-formular_faerdig_nedsivning">
            <themeselector>
                <initialstate>available</initialstate>
                <group>selvbetjeningborgere</group>
                <displayname>Færdigmelding af nedsivningsanlæg</displayname>
                <selectable>true</selectable>
            </themeselector>
            <downloadable>true</downloadable>
        </theme>
        <theme module="formular-randers" name="theme-formular_jordvarmeanlaeg">
            <themeselector>
                <initialstate>available</initialstate>
                <group>selvbetjeningborgere</group>
                <displayname>Ansøgning om tilladelse til etablering af jordvarmeanlæg</displayname>
                <selectable>true</selectable>
            </themeselector>
            <downloadable>true</downloadable>
        </theme>
        <theme module="formular-randers" name="theme-formular_naturtype">
            <themeselector>
                <initialstate>available</initialstate>
                <group>selvbetjeningborgere</group>
                <displayname>Forespørgsel om beskyttet natur</displayname>
                <selectable>true</selectable>
            </themeselector>
            <downloadable>true</downloadable>
        </theme>
        <theme module="formular-randers" name="theme-formular_etablering_olietank">
            <themeselector>
                <initialstate>available</initialstate>
                <group>selvbetjeningborgere</group>
                <displayname>Erklæring om etablering af olietank under 6000 l</displayname>
                <selectable>true</selectable>
            </themeselector>
            <downloadable>true</downloadable>
        </theme>
        <theme module="formular-randers" name="theme-formular_byggerislut">
            <themeselector>
                <initialstate>available</initialstate>
                <group>selvbetjeningborgere</group>
                <displayname>Færdigmelding af byggeri</displayname>
                <selectable>true</selectable>
            </themeselector>
            <downloadable>true</downloadable>
        </theme>
        <theme module="formular-randers" name="theme-formular_oversvoemmelse">
            <themeselector>
                <initialstate>available</initialstate>
                <group>selvbetjeningborgere</group>
                <displayname>Indberetning af oversvømmelser</displayname>
                <selectable>true</selectable>
            </themeselector>
            <downloadable>true</downloadable>
        </theme>
        <theme module="formular-randers" name="theme-formular_faerdigmeldingjordvarmeanlaeg">
            <themeselector>
                <initialstate>available</initialstate>
                <group>selvbetjeningborgere</group>
                <displayname>Færdigmelding af jordvarmeanlæg</displayname>
                <selectable>true</selectable>
            </themeselector>
            <downloadable>true</downloadable>
        </theme> 
        <theme module="formular-randers" name="theme-formular_drikkevandskvalitet">
            <themeselector>
                <initialstate>available</initialstate>
                <group>selvbetjeningborgere</group>
                <displayname>Drikkevandskvalitet</displayname>
                <selectable>true</selectable>
            </themeselector>
            <downloadable>true</downloadable>
        </theme> 
        <theme module="formular-randers" name="theme-formular_parkering_privat">
            <themeselector>
                <initialstate>available</initialstate>
                <group>selvbetjeningborgere</group>
                <displayname>Parkering, privat</displayname>
                <selectable>true</selectable>
            </themeselector>
            <downloadable>true</downloadable>
        </theme> 
        <theme module="formular-randers" name="theme-formular_parkering_erhverv">
            <themeselector>
                <initialstate>available</initialstate>
                <group>selvbetjeningborgere</group>
                <displayname>Parkering, erhverv</displayname>
                <selectable>true</selectable>
            </themeselector>
            <downloadable>true</downloadable>
        </theme> 
        
		<theme module="formular-randers" name="theme-formular_service_ventilation">
            <themeselector>
                <initialstate>available</initialstate>
                <group>selvbetjeningborgere</group>
                <displayname>Service af ventilation</displayname>
                <selectable>true</selectable>
            </themeselector>
            <downloadable>true</downloadable>
        </theme> 
		
        <theme module="formular-randers" name="theme-formular_ans_fyrvaerkeri">
            <themeselector>
                <initialstate>available</initialstate>
                <group>selvbetjeningborgere</group>
                <displayname>Fyrværkeri ans</displayname>
                <selectable>true</selectable>
            </themeselector>
            <downloadable>true</downloadable>
        </theme> 		
        <theme module="formular-randers" name="theme-formular_anm_fyrvaerkeri">
            <themeselector>
                <initialstate>available</initialstate>
                <group>selvbetjeningborgere</group>
                <displayname>Fyrværkeri anm</displayname>
                <selectable>true</selectable>
            </themeselector>
            <downloadable>true</downloadable>
        </theme> 		
        <theme module="formular-randers" name="theme-formular_beholderkontrol">
            <themeselector>
                <initialstate>available</initialstate>
                <group>selvbetjeningborgere</group>
                <displayname>Beholderkontrol</displayname>
                <selectable>true</selectable>
            </themeselector>
            <downloadable>true</downloadable>
        </theme> 		
        <theme module="formular-randers" name="theme-formular_bliv_frivillig_areal">
            <themeselector>
                <initialstate>available</initialstate>
                <group>selvbetjeningborgere</group>
                <displayname>Bliv frivillig</displayname>
                <selectable>true</selectable>
            </themeselector>
            <downloadable>true</downloadable>
        </theme> 		
        <theme module="formular-randers" name="theme-formular_bliv_frivillig_rute">
            <themeselector>
                <initialstate>available</initialstate>
                <group>selvbetjeningborgere</group>
                <displayname>Bliv frivillig</displayname>
                <selectable>true</selectable>
            </themeselector>
            <downloadable>true</downloadable>
        </theme> 		
        <theme module="formular-randers" name="theme-formular_bliv_frivillig_andet">
            <themeselector>
                <initialstate>available</initialstate>
                <group>selvbetjeningborgere</group>
                <displayname>Bliv frivillig</displayname>
                <selectable>true</selectable>
            </themeselector>
            <downloadable>true</downloadable>
        </theme> 		
		<theme module="formular-randers" name="theme-formular_faerdigmelding_separering_kloakering">
		<themeselector>
			<initialstate>available</initialstate>
			<group>selvbetjeningborgere</group>
			<displayname>Separering af kloak</displayname>
			<selectable>true</selectable>
		</themeselector>
	</theme>   
	<theme module="formular-randers" name="theme-formular_vandvaerk">
		<themeselector>
			<initialstate>available</initialstate>
			<group>selvbetjeningborgere</group>
			<displayname>Vandværker</displayname>
			<selectable>true</selectable>
		</themeselector>
		<downloadable>true</downloadable>
    </theme> 	
    
    
	<theme module="formular-randers" name="theme-formular_vandindvinding">
		<themeselector>
			<initialstate>available</initialstate>
			<group>selvbetjeningborgere</group>
			<displayname>Vandinvinding vandværker</displayname>
			<selectable>true</selectable>
		</themeselector>
		<downloadable>true</downloadable>
    </theme> 	
    
    	
	<theme module="formular-randers" name="theme-formular_faerdigmelding_nedsivningsanlaeg">
		<themeselector>
			<initialstate>available</initialstate>
			<group>selvbetjeningborgere</group>
			<displayname>Færdigmelding nedsivningsanlæg</displayname>
			<selectable>true</selectable>
		</themeselector>
		<downloadable>true</downloadable>
    </theme>	
	<theme module="formular-randers" name="theme-formular_klage_vintertjeneste_ds1">
		<themeselector>
			<initialstate>available</initialstate>
			<group>selvbetjeningborgere</group>
			<displayname>Klage over vintertjenesten - DS1</displayname>
			<selectable>true</selectable>
		</themeselector>
		<downloadable>true</downloadable>
    </theme>	
	<theme module="formular-randers" name="theme-formular_klage_vintertjeneste_ds2">
		<themeselector>
			<initialstate>available</initialstate>
			<group>selvbetjeningborgere</group>
			<displayname>Klage over vintertjenesten - DS2</displayname>
			<selectable>true</selectable>
		</themeselector>
		<downloadable>true</downloadable>
    </theme>	
	<theme module="formular-randers" name="theme-formular_klage_vintertjeneste_ds3">
		<themeselector>
			<initialstate>available</initialstate>
			<group>selvbetjeningborgere</group>
			<displayname>Klage over vintertjenesten - DS3</displayname>
			<selectable>true</selectable>
		</themeselector>
		<downloadable>true</downloadable>
    </theme>
    
	<theme module="formular-randers" name="theme-formular_klage_vintertjeneste">
		<themeselector>
			<initialstate>available</initialstate>
			<group>selvbetjeningborgere</group>
			<displayname>Klage over vintertjenesten</displayname>
			<selectable>true</selectable>
		</themeselector>
		<downloadable>true</downloadable>
    </theme>	
	<!-- Denne formular er uden geometrier
	<theme module="formular-randers" name="theme-formular_renoveringsaffald">
		<themeselector>
			<initialstate>available</initialstate>
			<group>selvbetjeningborgere</group>
			<displayname>Renoveringsaffald</displayname>
			<selectable>true</selectable>
		</themeselector>
		<downloadable>true</downloadable>
    </theme>	
	-->
	<theme module="formular-randers" name="theme-formular_forurenende_aktiviteter">
		<themeselector>
			<initialstate>available</initialstate>
			<group>selvbetjeningborgere</group>
			<displayname>Forurenende aktiviteter</displayname>
			<selectable>true</selectable>
		</themeselector>
		<downloadable>true</downloadable>
    </theme>
	<theme module="formular-randers" name="theme-formular_byggesag_forhaandsdialog">
		<themeselector>
			<initialstate>available</initialstate>
			<group>selvbetjeningborgere</group>
			<displayname>Byggesag - forhåndsdialog</displayname>
			<selectable>true</selectable>
		</themeselector>
		<downloadable>true</downloadable>
    </theme>

</themes>