<?xml version="1.0" encoding="UTF-8"?>
<themes>
	<theme module="formular-randers" name="theme-formular_risikotraer">
            <themeselector>
                <initialstate>available</initialstate>
                <group>tilsyn</group>
                <displayname>Risikotræer</displayname>
                <selectable>true</selectable>
            </themeselector>
            <downloadable>true</downloadable>
        </theme>
        <theme module="formular-randers" name="theme-formular_gravhoej_genpleje">
            <themeselector>
                <initialstate>available</initialstate>
                <group>tilsyn</group>
                <displayname>Genpleje af gravhøje</displayname>
                <selectable>true</selectable>
            </themeselector>
            <downloadable>true</downloadable>
        </theme>
        <theme module="formular-randers" name="theme-formular_tilsyn_gravhoj">
            <themeselector>
                <initialstate>available</initialstate>
                <group>tilsyn</group>
                <displayname>Tilsyn med gravhøje</displayname>
                <selectable>true</selectable>
            </themeselector>
            <downloadable>true</downloadable>
        </theme>
        <theme module="formular-randers" name="theme-formular_ventilation">
            <themeselector>
                <initialstate>available</initialstate>
                <group>tilsyn</group>
                <displayname>Ventilationsanlæg</displayname>
                <selectable>true</selectable>
            </themeselector>
            <downloadable>true</downloadable>
        </theme>
        <theme module="formular-randers" name="theme-rep_tilbud_vent">
            <themeselector>
                <initialstate>available</initialstate>
                <group>tilsyn</group>
                <displayname>Reperationsopgave/-tilbud på ventilationsanlæg</displayname>
                <selectable>true</selectable>
            </themeselector>
            <downloadable>true</downloadable>
        </theme>
        <theme module="formular-randers" name="theme-tjek_og_serviceliste_vent">
            <themeselector>
                <initialstate>available</initialstate>
                <group>tilsyn</group>
                <displayname>Tjek- og serviceliste - Ventilationsanlæg</displayname>
                <selectable>true</selectable>
            </themeselector>
            <downloadable>true</downloadable>
        </theme>
        <theme module="formular-randers" name="theme-formular_byggesag_tilsyn">
            <themeselector>
                <initialstate>available</initialstate>
                <group>tilsyn</group>
                <displayname>Tilsynsnotat ifm. byggesager</displayname>
                <selectable>true</selectable>
            </themeselector>
            <downloadable>true</downloadable>
        </theme>
	<theme module="formular-randers" name="theme-formular_tilsyn_fbb">
		<themeselector>
			<initialstate>available</initialstate>
			<group>tilsyn</group>
			<displayname>Tilsyn FBB</displayname>
			<selectable>true</selectable>
		</themeselector>
		<downloadable>true</downloadable>
    </theme>	
	<theme module="formular-randers" name="theme-formular_miljoetilsyn">
		<themeselector>
			<initialstate>available</initialstate>
			<group>tilsyn</group>
			<displayname>Miljøtilsyn</displayname>
			<selectable>true</selectable>
		</themeselector>
		<downloadable>true</downloadable>
    </theme>	
        <theme module="formular-randers" name="theme-formular_tilsyn_vandloeb">
            <themeselector>
                <initialstate>available</initialstate>
                <group>tilsyn</group>
                <displayname>Tilsyn med vandløb</displayname>
                <selectable>true</selectable>
            </themeselector>
            <downloadable>true</downloadable>
        </theme><!--
	<theme module="formular-sporgeskema" name="theme-formular_spoergeskemaundersoegelse">
		<themeselector>
			<initialstate>available</initialstate>
			<group>selvbetjening</group>
			<displayname>Spørgeskema</displayname>
			<selectable>true</selectable>
		</themeselector>
		<downloadable>true</downloadable>
    </theme>	
-->

</themes>