<?xml version="1.0" encoding="UTF-8"?>
<themes>
	
        <theme module="formular-randers" name="theme-formular_jordflytning">
            <themeselector>
                <initialstate>available</initialstate>
                <group>selvbetjening</group>
                <displayname>Jordflytning</displayname>
                <selectable>true</selectable>
            </themeselector>
            <downloadable>true</downloadable>
        </theme>
        <theme module="formular-randers" name="theme-formular_parkering_forbud">
            <themeselector>
                <initialstate>available</initialstate>
                <group>selvbetjening</group>
                <displayname>Midlertidlige ophævelse af parkeringsforbud</displayname>
                <selectable>true</selectable>
            </themeselector>
            <downloadable>true</downloadable>
        </theme>
        <theme module="formular-randers" name="theme-formular_etabler_nedsivningsanlaeg">
            <themeselector>
                <initialstate>available</initialstate>
                <group>selvbetjening</group>
                <displayname>Etabler nedsivningsanlæg</displayname>
                <selectable>true</selectable>
            </themeselector>
            <downloadable>true</downloadable>
        </theme>
        <theme module="formular-randers" name="theme-formular_byggesag_tilsyn">
            <themeselector>
                <initialstate>available</initialstate>
                <group>selvbetjening</group>
                <displayname>Tilsynsnotat ifm. byggesager</displayname>
                <selectable>true</selectable>
            </themeselector>
            <downloadable>true</downloadable>
        </theme>
        <theme module="formular-randers" name="theme-formular_lejede_arealer">
            <themeselector>
                <initialstate>available</initialstate>
                <group>selvbetjening</group>
                <displayname>Lejede arealer</displayname>
                <selectable>true</selectable>
            </themeselector>
            <downloadable>true</downloadable>
        </theme>

        <theme module="formular-randers" name="theme-tjek_og_serviceliste_vent">
            <themeselector>
                <initialstate>available</initialstate>
                <group>selvbetjening</group>
                <displayname>Tjek- og serviceliste - Ventilationsanlæg</displayname>
                <selectable>true</selectable>
            </themeselector>
            <downloadable>true</downloadable>
        </theme>
        <theme module="formular-randers" name="theme-rep_tilbud_vent">
            <themeselector>
                <initialstate>available</initialstate>
                <group>selvbetjening</group>
                <displayname>Reperationsopgave/-tilbud på ventilationsanlæg</displayname>
                <selectable>true</selectable>
            </themeselector>
            <downloadable>true</downloadable>
        </theme>
        <theme module="formular-randers" name="theme-formular_ventilation">
            <themeselector>
                <initialstate>available</initialstate>
                <group>selvbetjening</group>
                <displayname>Ventilationsanlæg</displayname>
                <selectable>true</selectable>
            </themeselector>
            <downloadable>true</downloadable>
        </theme>
        <theme module="formular-randers" name="theme-formular_soe">
            <themeselector>
                <initialstate>available</initialstate>
                <group>selvbetjening</group>
                <displayname>Etablering af sø</displayname>
                <selectable>true</selectable>
            </themeselector>
            <downloadable>true</downloadable>
        </theme>
        <theme module="formular-randers" name="theme-formular_kommunale_lejemaal">
            <themeselector>
                <initialstate>available</initialstate>
                <group>selvbetjening</group>
                <displayname>Kommunale lejemål</displayname>
                <selectable>true</selectable>
            </themeselector>
            <downloadable>true</downloadable>
        </theme>
        <theme module="formular-randers" name="theme-formular_friv_nedriv">
            <themeselector>
                <initialstate>available</initialstate>
                <group>selvbetjening</group>
                <displayname>Friv nedrivning</displayname>
                <selectable>true</selectable>
            </themeselector>
            <downloadable>true</downloadable>
        </theme>
        <theme module="formular-randers" name="theme-formular_sloejfning_olietank">
            <themeselector>
                <initialstate>available</initialstate>
                <group>selvbetjening</group>
                <displayname>Erklæring om sløjfning af olietank</displayname>
                <selectable>true</selectable>
            </themeselector>
            <downloadable>true</downloadable>
        </theme>
		
        <theme module="formular-randers" name="theme-formular_stillads">
            <themeselector>
                <initialstate>available</initialstate>
                <group>selvbetjening</group>
                <displayname>Opstilling af stillads, lift, kran</displayname>
                <selectable>true</selectable>
            </themeselector>
            <downloadable>true</downloadable>
        </theme>
        <theme module="formular-randers" name="theme-formular_container">
            <themeselector>
                <initialstate>available</initialstate>
                <group>selvbetjening</group>
                <displayname>Opstilling af container</displayname>
                <selectable>true</selectable>
            </themeselector>
            <downloadable>true</downloadable>
        </theme>
        <theme module="formular-randers" name="theme-formular_slam">
            <themeselector>
                <initialstate>available</initialstate>
                <group>selvbetjening</group>
                <displayname>Anmeldelse udbringning af spildevandsslam</displayname>
                <selectable>true</selectable>
            </themeselector>
            <downloadable>true</downloadable>
        </theme>
        <theme module="formular-randers" name="theme-formular_midtidliger_overnat">
            <themeselector>
                <initialstate>available</initialstate>
                <group>selvbetjening</group>
                <displayname>Midlertidlige overnatninger</displayname>
                <selectable>true</selectable>
            </themeselector>
            <downloadable>true</downloadable>
        </theme>
        <theme module="formular-randers" name="theme-formular_arrangement_telt">
            <themeselector>
                <initialstate>available</initialstate>
                <group>selvbetjening</group>
                <displayname>Ansøgning om afvikling af arrangementer for mere en 150 i telt</displayname>
                <selectable>true</selectable>
            </themeselector>
            <downloadable>true</downloadable>
        </theme>
        <theme module="formular-randers" name="theme-formular_arrangement150">
            <themeselector>
                <initialstate>available</initialstate>
                <group>selvbetjening</group>
                <displayname>Ansøgning om afvikling af arrangementer for mere en 150 personer</displayname>
                <selectable>true</selectable>
            </themeselector>
            <downloadable>true</downloadable>
        </theme>
        <theme module="formular-randers" name="theme-formular_beholderudafdrift">
            <themeselector>
                <initialstate>available</initialstate>
                <group>selvbetjening</group>
                <displayname>Erklæring om, at beholder tages ud af drift</displayname>
                <selectable>true</selectable>
            </themeselector>
            <downloadable>true</downloadable>
        </theme>
        <theme module="formular-randers" name="theme-formular_sloejfning_boring">
            <themeselector>
                <initialstate>available</initialstate>
                <group>selvbetjening</group>
                <displayname>Sløfning af boringer og brønde</displayname>
                <selectable>true</selectable>
            </themeselector>
            <downloadable>true</downloadable>
        </theme>
        <theme module="formular-randers" name="theme-formular_midlertidig_aktiv">
            <themeselector>
                <initialstate>available</initialstate>
                <group>selvbetjening</group>
                <displayname>Anmeldelse af midlertidig forurende aktivitet</displayname>
                <selectable>true</selectable>
            </themeselector>
            <downloadable>true</downloadable>
        </theme>
        <theme module="formular-randers" name="theme-formular_faerdig_nedsivning">
            <themeselector>
                <initialstate>available</initialstate>
                <group>selvbetjening</group>
                <displayname>Færdigmelding af nedsivningsanlæg</displayname>
                <selectable>true</selectable>
            </themeselector>
            <downloadable>true</downloadable>
        </theme>
        <theme module="formular-randers" name="theme-formular_jordvarmeanlaeg">
            <themeselector>
                <initialstate>available</initialstate>
                <group>selvbetjening</group>
                <displayname>Ansøgning om tilladelse til etablering af jordvarmeanlæg</displayname>
                <selectable>true</selectable>
            </themeselector>
            <downloadable>true</downloadable>
        </theme>
        <theme module="formular-randers" name="theme-formular_naturtype">
            <themeselector>
                <initialstate>available</initialstate>
                <group>selvbetjening</group>
                <displayname>Forespørgsel om beskyttet natur</displayname>
                <selectable>true</selectable>
            </themeselector>
            <downloadable>true</downloadable>
        </theme>
        <theme module="formular-randers" name="theme-formular_etablering_olietank">
            <themeselector>
                <initialstate>available</initialstate>
                <group>selvbetjening</group>
                <displayname>Erklæring om etablering af olietank under 6000 l</displayname>
                <selectable>true</selectable>
            </themeselector>
            <downloadable>true</downloadable>
        </theme>
        <theme module="formular-randers" name="theme-formular_smaahuse">
            <themeselector>
                <initialstate>available</initialstate>
                <group>selvbetjening</group>
                <displayname>Anmeldelse af garage, carport, udhus m.v.</displayname>
                <selectable>true</selectable>
            </themeselector>
            <downloadable>true</downloadable>
        </theme>
        <theme module="formular-randers" name="theme-formular_startbyggeri">
            <themeselector>
                <initialstate>available</initialstate>
                <group>selvbetjening</group>
                <displayname>Anmeldelse af påbegyndelse af byggeri</displayname>
                <selectable>true</selectable>
            </themeselector>
            <downloadable>true</downloadable>
        </theme>
        <theme module="formular-randers" name="theme-formular_byggerislut">
            <themeselector>
                <initialstate>available</initialstate>
                <group>selvbetjening</group>
                <displayname>Færdigmelding af byggeri</displayname>
                <selectable>true</selectable>
            </themeselector>
            <downloadable>true</downloadable>
        </theme>
        <theme module="formular-randers" name="theme-formular_koersel">
            <themeselector>
                <initialstate>available</initialstate>
                <group>selvbetjening</group>
                <displayname>Kørsel</displayname>
                <selectable>true</selectable>
            </themeselector>
            <downloadable>true</downloadable>
        </theme>
        <theme module="formular-randers" name="theme-formular_oversvoemmelse">
            <themeselector>
                <initialstate>available</initialstate>
                <group>selvbetjening</group>
                <displayname>Indberetning af oversvømmelser</displayname>
                <selectable>true</selectable>
            </themeselector>
            <downloadable>true</downloadable>
        </theme>
        <theme module="formular-randers" name="theme-formular_faerdigmeldingjordvarmeanlaeg">
            <themeselector>
                <initialstate>available</initialstate>
                <group>selvbetjening</group>
                <displayname>Færdigmelding af jordvarmeanlæg</displayname>
                <selectable>true</selectable>
            </themeselector>
            <downloadable>true</downloadable>
        </theme> 
        <theme module="formular-randers" name="theme-formular_drikkevandskvalitet">
            <themeselector>
                <initialstate>available</initialstate>
                <group>selvbetjening</group>
                <displayname>Drikkevandskvalitet</displayname>
                <selectable>true</selectable>
            </themeselector>
            <downloadable>true</downloadable>
        </theme> 
        <theme module="formular-randers" name="theme-formular_parkering_privat">
            <themeselector>
                <initialstate>available</initialstate>
                <group>selvbetjening</group>
                <displayname>Parkering, privat</displayname>
                <selectable>true</selectable>
            </themeselector>
            <downloadable>true</downloadable>
        </theme> 
        <theme module="formular-randers" name="theme-formular_parkering_erhverv">
            <themeselector>
                <initialstate>available</initialstate>
                <group>selvbetjening</group>
                <displayname>Parkering, erhverv</displayname>
                <selectable>true</selectable>
            </themeselector>
            <downloadable>true</downloadable>
        </theme> 
        
		<theme module="formular-randers" name="theme-formular_service_ventilation">
            <themeselector>
                <initialstate>available</initialstate>
                <group>selvbetjening</group>
                <displayname>Service af ventilation</displayname>
                <selectable>true</selectable>
            </themeselector>
            <downloadable>true</downloadable>
        </theme> 
		
        <theme module="formular-randers" name="theme-formular_ans_fyrvaerkeri">
            <themeselector>
                <initialstate>available</initialstate>
                <group>selvbetjening</group>
                <displayname>Fyrværkeri ans</displayname>
                <selectable>true</selectable>
            </themeselector>
            <downloadable>true</downloadable>
        </theme> 		
        <theme module="formular-randers" name="theme-formular_anm_fyrvaerkeri">
            <themeselector>
                <initialstate>available</initialstate>
                <group>selvbetjening</group>
                <displayname>Fyrværkeri anm</displayname>
                <selectable>true</selectable>
            </themeselector>
            <downloadable>true</downloadable>
        </theme> 		
        <theme module="formular-randers" name="theme-formular_beholderkontrol">
            <themeselector>
                <initialstate>available</initialstate>
                <group>selvbetjening</group>
                <displayname>Beholderkontrol</displayname>
                <selectable>true</selectable>
            </themeselector>
            <downloadable>true</downloadable>
        </theme> 		
        <theme module="formular-randers" name="theme-formular_tilsyn_vandloeb">
            <themeselector>
                <initialstate>available</initialstate>
                <group>selvbetjening</group>
                <displayname>Tilsyn med vandløb</displayname>
                <selectable>true</selectable>
            </themeselector>
            <downloadable>true</downloadable>
        </theme> 		
<!--        <theme module="formular-randers" name="theme-formular_tilsyn_gravhoj">
            <themeselector>
                <initialstate>available</initialstate>
                <group>selvbetjening</group>
                <displayname>Tilsyn af gravhøje</displayname>
                <selectable>true</selectable>
            </themeselector>
            <downloadable>true</downloadable>
        </theme> 	-->	
        <theme module="formular-randers" name="theme-formular_bliv_frivillig_areal">
            <themeselector>
                <initialstate>available</initialstate>
                <group>selvbetjening</group>
                <displayname>Bliv frivillig</displayname>
                <selectable>true</selectable>
            </themeselector>
            <downloadable>true</downloadable>
        </theme> 		
        <theme module="formular-randers" name="theme-formular_bliv_frivillig_rute">
            <themeselector>
                <initialstate>available</initialstate>
                <group>selvbetjening</group>
                <displayname>Bliv frivillig</displayname>
                <selectable>true</selectable>
            </themeselector>
            <downloadable>true</downloadable>
        </theme> 		
        <theme module="formular-randers" name="theme-formular_bliv_frivillig_andet">
            <themeselector>
                <initialstate>available</initialstate>
                <group>selvbetjening</group>
                <displayname>Bliv frivillig</displayname>
                <selectable>true</selectable>
            </themeselector>
            <downloadable>true</downloadable>
        </theme> 		
		<theme module="formular-randers" name="theme-formular_faerdigmelding_separering_kloakering">
		<themeselector>
			<initialstate>available</initialstate>
			<group>selvbetjening</group>
			<displayname>Separering af kloak</displayname>
			<selectable>true</selectable>
		</themeselector>
	</theme>   
	<theme module="formular-randers" name="theme-formular_vandvaerk">
		<themeselector>
			<initialstate>available</initialstate>
			<group>selvbetjening</group>
			<displayname>Vandværker</displayname>
			<selectable>true</selectable>
		</themeselector>
		<downloadable>true</downloadable>
    </theme> 		
	<theme module="formular-randers" name="theme-formular_ejendomavancebeskatning">
		<themeselector>
			<initialstate>available</initialstate>
			<group>selvbetjening</group>
			<displayname>Ejendomavancebeskatning</displayname>
			<selectable>true</selectable>
		</themeselector>
		<downloadable>true</downloadable>
    </theme> 	
	<theme module="formular-randers" name="theme-formular_udeservering">
		<themeselector>
			<initialstate>available</initialstate>
			<group>selvbetjening</group>
			<displayname>Udeservering</displayname>
			<selectable>true</selectable>
		</themeselector>
		<downloadable>true</downloadable>
    </theme>	
	<theme module="formular-randers" name="theme-formular_miljoetilsyn">
		<themeselector>
			<initialstate>available</initialstate>
			<group>selvbetjening</group>
			<displayname>Miljøtilsyn</displayname>
			<selectable>true</selectable>
		</themeselector>
		<downloadable>true</downloadable>
    </theme>	
	<theme module="formular-randers" name="theme-formular_faerdigmelding_nedsivningsanlaeg">
		<themeselector>
			<initialstate>available</initialstate>
			<group>selvbetjening</group>
			<displayname>Færdigmelding nedsivningsanlæg</displayname>
			<selectable>true</selectable>
		</themeselector>
		<downloadable>true</downloadable>
    </theme>	
<!-- 
	<theme module="formular-randers" name="theme-formular_lejedearealer">
		<themeselector>
			<initialstate>available</initialstate>
			<group>selvbetjening</group>
			<displayname>Ejendomavancebeskatning</displayname>
			<selectable>true</selectable>
		</themeselector>
		<downloadable>true</downloadable>
    </theme> 		 -->
	<theme module="formular-randers" name="theme-formular_klage_vintertjeneste_ds1">
		<themeselector>
			<initialstate>available</initialstate>
			<group>selvbetjening</group>
			<displayname>Klage over vintertjenesten - DS1</displayname>
			<selectable>true</selectable>
		</themeselector>
		<downloadable>true</downloadable>
    </theme>	
	<theme module="formular-randers" name="theme-formular_klage_vintertjeneste_ds2">
		<themeselector>
			<initialstate>available</initialstate>
			<group>selvbetjening</group>
			<displayname>Klage over vintertjenesten - DS2</displayname>
			<selectable>true</selectable>
		</themeselector>
		<downloadable>true</downloadable>
    </theme>	
	<theme module="formular-randers" name="theme-formular_klage_vintertjeneste_ds3">
		<themeselector>
			<initialstate>available</initialstate>
			<group>selvbetjening</group>
			<displayname>Klage over vintertjenesten - DS3</displayname>
			<selectable>true</selectable>
		</themeselector>
		<downloadable>true</downloadable>
    </theme>
    
	<theme module="formular-randers" name="theme-formular_klage_vintertjeneste">
		<themeselector>
			<initialstate>available</initialstate>
			<group>selvbetjening</group>
			<displayname>Klage over vintertjenesten</displayname>
			<selectable>true</selectable>
		</themeselector>
		<downloadable>true</downloadable>
    </theme>	
	<theme module="formular-randers" name="theme-formular_landzone_areal">
		<themeselector>
			<initialstate>available</initialstate>
			<group>selvbetjening</group>
			<displayname>Landzoneadmin - arealer</displayname>
			<selectable>true</selectable>
		</themeselector>
		<downloadable>true</downloadable>
    </theme>	
		<theme module="formular-randers" name="theme-formular_landzone_bygning">
		<themeselector>
			<initialstate>available</initialstate>
			<group>selvbetjening</group>
			<displayname>Landzoneadmin - bygning</displayname>
			<selectable>true</selectable>
		</themeselector>
		<downloadable>true</downloadable>
    </theme>	
	<theme module="formular-randers" name="theme-formular_tilsyn_fbb">
		<themeselector>
			<initialstate>available</initialstate>
			<group>selvbetjening</group>
			<displayname>Tilsyn FBB</displayname>
			<selectable>true</selectable>
		</themeselector>
		<downloadable>true</downloadable>
    </theme>	
<!--
	<theme module="formular-sporgeskema" name="theme-formular_spoergeskemaundersoegelse">
		<themeselector>
			<initialstate>available</initialstate>
			<group>selvbetjening</group>
			<displayname>Spørgeskema</displayname>
			<selectable>true</selectable>
		</themeselector>
		<downloadable>true</downloadable>
    </theme>	
-->

</themes>