<?xml version="1.0" encoding="UTF-8"?>
<config>

	<include ignore="not ModuleDefined('formular-fyrvaerkeri')" onlychildnodes="true" src="[module:formular-fyrvaerkeri.dir]/config/formular_config.xml"/>

	<include nodes="/config/*" src="[cbinfo.modules.dir]/custom/formular-randers/config/tilsyn_fbb.xml"  /> 
	
	
	<include nodes="/config/*" src="[cbinfo.modules.dir]/custom/formular-randers/config/institutionsopgave.xml"  /> 
	
	<include nodes="/config/*" src="[cbinfo.modules.dir]/custom/formular-randers/config/kpo.xml"  /> 
	<include nodes="/config/*" src="[cbinfo.modules.dir]/custom/formular-randers/config/soe.xml"  /> 
	<!-- <include nodes="/config/*" src="[cbinfo.modules.dir]/custom/formular-randers/config/test.xml"  /> -->
	<!-- <include nodes="/config/*" src="[cbinfo.modules.dir]/custom/formular-randers/config/stillads.xml"  />  -->
	<include nodes="/config/*" src="[cbinfo.modules.dir]/custom/formular-randers/config/stillads2.xml"  /> 
	<!-- <include nodes="/config/*" src="[cbinfo.modules.dir]/custom/formular-randers/config/container.xml"  />  -->
	<include nodes="/config/*" src="[cbinfo.modules.dir]/custom/formular-randers/config/container2.xml"  /> 
	<include nodes="/config/*" src="[cbinfo.modules.dir]/custom/formular-randers/config/sloejfning_olietank.xml"  /> 
	<include nodes="/config/*" src="[cbinfo.modules.dir]/custom/formular-randers/config/etablering_olietank.xml"  /> 
	<include nodes="/config/*" src="[cbinfo.modules.dir]/custom/formular-randers/config/naturtype.xml"  /> 
	<include nodes="/config/*" src="[cbinfo.modules.dir]/custom/formular-randers/config/smaahuse.xml"  /> 
	<include nodes="/config/*" src="[cbinfo.modules.dir]/custom/formular-randers/config/startbyggeri.xml"  /> 
	<include nodes="/config/*" src="[cbinfo.modules.dir]/custom/formular-randers/config/byggerislut.xml"  /> 
	<include nodes="/config/*" src="[cbinfo.modules.dir]/custom/formular-randers/config/test_bygning.xml"  /> 
	<include nodes="/config/*" src="[cbinfo.modules.dir]/custom/formular-randers/config/arrangement150.xml"  /> 
	<include nodes="/config/*" src="[cbinfo.modules.dir]/custom/formular-randers/config/jordvarmeanlaeg.xml"  /> 
	<include nodes="/config/*" src="[cbinfo.modules.dir]/custom/formular-randers/config/etabler_nedsivningsanlaeg.xml"  />
	<include nodes="/config/*" src="[cbinfo.modules.dir]/custom/formular-randers/config/faerdigmelding_nedsivningsanlaeg.xml"  /> 
	<include nodes="/config/*" src="[cbinfo.modules.dir]/custom/formular-randers/config/beholderkontrol.xml"  /> 
	<include nodes="/config/*" src="[cbinfo.modules.dir]/custom/formular-randers/config/markoplag.xml"  /> 
	<include nodes="/config/*" src="[cbinfo.modules.dir]/custom/formular-randers/config/beholderudafdrift.xml"  /> 
	<include nodes="/config/*" src="[cbinfo.modules.dir]/custom/formular-randers/config/sloejfning_boring_broend.xml"  /> 
	<include nodes="/config/*" src="[cbinfo.modules.dir]/custom/formular-randers/config/anmeldelse_midlertidig_aktivitet.xml"  /> 
	<include nodes="/config/*" src="[cbinfo.modules.dir]/custom/formular-randers/config/koersel.xml"  /> 
	<include nodes="/config/*" src="[cbinfo.modules.dir]/custom/formular-randers/config/ansoegning_udeservering.xml"  /> 
	<include nodes="/config/*" src="[cbinfo.modules.dir]/custom/formular-randers/config/faerdigmelding_af_jordvarmeanlaeg.xml"  /> 
	<include nodes="/config/*" src="[cbinfo.modules.dir]/custom/formular-randers/config/opsaetning_telt.xml"  /> 
	<include nodes="/config/*" src="[cbinfo.modules.dir]/custom/formular-randers/config/hegnsyn.xml"  /> 
	<include nodes="/config/*" src="[cbinfo.modules.dir]/custom/formular-randers/config/booking.xml"  /> 
	<include nodes="/config/*" src="[cbinfo.modules.dir]/custom/formular-randers/config/mie_booking.xml"  /> 
	<include nodes="/config/*" src="[cbinfo.modules.dir]/custom/formular-randers/config/oversvoemmelse.xml"  /> 
	<include nodes="/config/*" src="[cbinfo.modules.dir]/custom/formular-randers/config/midlertidig_overnatning.xml"  /> 
	<include nodes="/config/*" src="[cbinfo.modules.dir]/custom/formular-randers/config/service_ventilation.xml"  /> 
	<include nodes="/config/*" src="[cbinfo.modules.dir]/custom/formular-randers/config/ventilation.xml"  /> 
	<include nodes="/config/*" src="[cbinfo.modules.dir]/custom/formular-randers/config/ventilationsanlaeg.xml"  /> 
	<include nodes="/config/*" src="[cbinfo.modules.dir]/custom/formular-randers/config/ventilationsanlaeg_test.xml"  /> 
	<include nodes="/config/*" src="[cbinfo.modules.dir]/custom/formular-randers/config/tjek_og_serviceliste_vent.xml"  /> 
	<include nodes="/config/*" src="[cbinfo.modules.dir]/custom/formular-randers/config/rep_tilbud_vent.xml"  /> 
	<include nodes="/config/*" src="[cbinfo.modules.dir]/custom/formular-randers/config/byggesag_tilsyn.xml"  /> 
	<include nodes="/config/*" src="[cbinfo.modules.dir]/custom/formular-randers/config/slam.xml"  /> 
	<include nodes="/config/*" src="[cbinfo.modules.dir]/custom/formular-randers/config/vandindvinding.xml"  /> 
	<include nodes="/config/*" src="[cbinfo.modules.dir]/custom/formular-randers/config/maplesQry_aeldredistrikter.xml"  /> 
	<include nodes="/config/*" src="[cbinfo.modules.dir]/custom/formular-randers/config/maplesQry_boernedistrikter.xml"  />
	
	<include nodes="/config/*" src="[cbinfo.modules.dir]/custom/formular-randers/config/udsend_spoergeskema.xml"  />
	<include nodes="/config/*" src="[cbinfo.modules.dir]/custom/formular-randers/config/drikkevandskvalitet.xml"  />
	<include nodes="/config/*" src="[cbinfo.modules.dir]/custom/formular-randers/config/erklaering_teknisk_doku.xml"  />
	<include nodes="/config/*" src="[cbinfo.modules.dir]/custom/formular-randers/config/pdf_upload.xml"  />
	<include nodes="/config/*" src="[cbinfo.modules.dir]/custom/formular-randers/config/risikotraer.xml"  />
	
	<include nodes="/config/*" src="[cbinfo.modules.dir]/custom/formular-randers/config/arrangement_telt.xml"  /> 

	<include nodes="/config/*" src="[cbinfo.modules.dir]/custom/formular-randers/config/parkeringstilladelse.xml"  />
	<include nodes="/config/*" src="[cbinfo.modules.dir]/custom/formular-randers/config/parkeringstilladelse_ny.xml"  />

	<include nodes="/config/*" src="[cbinfo.modules.dir]/custom/formular-randers/config/parkeringstilladelse_eks_bs.xml"  />
	<include nodes="/config/*" src="[cbinfo.modules.dir]/custom/formular-randers/config/parkeringstilladelse_ny_bs.xml"  />

	<include nodes="/config/*" src="[cbinfo.modules.dir]/custom/formular-randers/config/parkeringstilladelse_erhverv_c.xml"  />
	<include nodes="/config/*" src="[cbinfo.modules.dir]/custom/formular-randers/config/parkeringstilladelse_erhverv_c2.xml"  />
	<include nodes="/config/*" src="[cbinfo.modules.dir]/custom/formular-randers/config/parkeringstilladelse_erhverv_d.xml"  />
	<include nodes="/config/*" src="[cbinfo.modules.dir]/custom/formular-randers/config/parkeringstilladelse_erhverv_d2.xml"  />
	<include nodes="/config/*" src="[cbinfo.modules.dir]/custom/formular-randers/config/parkeringstilladelse_forbud.xml"  />
	<include nodes="/config/*" src="[cbinfo.modules.dir]/custom/formular-randers/config/parkeringstilladelse_bs.xml"  />
	<include nodes="/config/*" src="[cbinfo.modules.dir]/custom/formular-randers/config/kunst.xml"  />
	<include nodes="/config/*" src="[cbinfo.modules.dir]/custom/formular-randers/config/institution.xml"  />
	<include nodes="/config/*" src="[cbinfo.modules.dir]/custom/formular-randers/config/lejemaal.xml"  />
	<include nodes="/config/*" src="[cbinfo.modules.dir]/custom/formular-randers/config/faerdigmeld_separering_kloak.xml"  />
	<include nodes="/config/*" src="[cbinfo.modules.dir]/custom/formular-randers/config/frivillig_nedrivning.xml"  />
	
	<include nodes="/config/*" src="[cbinfo.modules.dir]/custom/formular-randers/config/bliv_frivillig.xml"  />
	<include nodes="/config/*" src="[cbinfo.modules.dir]/custom/formular-randers/config/bliv_frivillig_rute.xml"  />
	<include nodes="/config/*" src="[cbinfo.modules.dir]/custom/formular-randers/config/bliv_frivillig_areal.xml"  />
	<include nodes="/config/*" src="[cbinfo.modules.dir]/custom/formular-randers/config/bliv_frivillig_andet.xml"  />	
	<include nodes="/config/*" src="[cbinfo.modules.dir]/custom/formular-randers/config/vejopgaver.xml"  />	
	
	<include nodes="/config/*" src="[cbinfo.modules.dir]/custom/formular-randers/config/tilsyn_gravhoj.xml"  />
	<include nodes="/config/*" src="[cbinfo.modules.dir]/custom/formular-randers/config/gravhoej.xml"  />
	<include nodes="/config/*" src="[cbinfo.modules.dir]/custom/formular-randers/config/gravhoej_tilsyn.xml"  />
	<include nodes="/config/*" src="[cbinfo.modules.dir]/custom/formular-randers/config/gravhoej_genpleje.xml"  />
	<include nodes="/config/*" src="[cbinfo.modules.dir]/custom/formular-randers/config/tilsyn_vandloeb.xml"  />
	<include nodes="/config/*" src="[cbinfo.modules.dir]/custom/formular-randers/config/vandvaerk.xml"  />	
	<include nodes="/config/*" src="[cbinfo.modules.dir]/custom/formular-randers/config/maplesQry_sagsbehandler.xml"  mustexist="false" />
	<include nodes="/config/*" src="[cbinfo.modules.dir]/custom/formular-randers/config/maplesQry_vandvaerk.xml"  mustexist="false" />
	<include nodes="/config/*" src="[cbinfo.modules.dir]/custom/formular-randers/config/maplesQry_skoler.xml"  mustexist="false" />
	<include nodes="/config/*" src="[cbinfo.modules.dir]/custom/formular-randers/config/maplesQry_miljoesagsbehandler.xml"  mustexist="false" />
	<include nodes="/config/*" src="[cbinfo.modules.dir]/custom/formular-randers/config/maplesQry_landbrugssagsbehandler.xml"  mustexist="false" />	
	<include nodes="/config/*" src="[cbinfo.modules.dir]/custom/formular-randers/config/maplesQry_zonesager_sagsbehandler.xml"  mustexist="false" />
	<include nodes="/config/*" src="[cbinfo.modules.dir]/custom/formular-randers/config/maplesQry_planlaegning_sagsbehandler.xml"  mustexist="false" />
	<include nodes="/config/*" src="[cbinfo.modules.dir]/custom/formular-randers/config/maplesQry_brandteknisk_sagsbehandler.xml"  mustexist="false" />	
	<include nodes="/config/*" src="[cbinfo.modules.dir]/custom/formular-randers/config/maplesQry_skorstensfejer.xml"  mustexist="false" />	
	<include nodes="/config/*" src="[cbinfo.modules.dir]/custom/formular-randers/config/maplesQry_beskyttede_natur.xml"  mustexist="false" />		
	<include nodes="/config/*" src="[cbinfo.modules.dir]/custom/formular-randers/config/maplesQry_driftsassistenter.xml"  mustexist="false" />		
	<include nodes="/config/*" src="[cbinfo.modules.dir]/custom/formular-randers/config/maplesQry_skoler_ny.xml"  mustexist="false" />
	<include nodes="/config/*" src="[cbinfo.modules.dir]/custom/formular-randers/config/maplesQry_lokalplan.xml"  mustexist="false" />
	<include nodes="/config/*" src="[cbinfo.modules.dir]/custom/formular-randers/config/maplesQry_afstemningsomraader.xml"  />
	<include nodes="/config/*" src="[cbinfo.modules.dir]/custom/formular-randers/config/anmeld_olietank.xml"  mustexist="false" />
	<include nodes="/config/*" src="[cbinfo.modules.dir]/custom/formular-randers/config/virksomhedslogin.xml" mustexist="false" />
	<include nodes="/config/*" src="[cbinfo.modules.dir]/custom/formular-randers/config/lejede_arealer.xml" mustexist="false" />
	<include nodes="/config/*" src="[cbinfo.modules.dir]/custom/formular-randers/config/vandvaerk_hentpw.xml" mustexist="false" />
	<include nodes="/config/*" src="[cbinfo.modules.dir]/custom/formular-randers/config/ejendomsavancebeskatning.xml" mustexist="false"  /> 
	<include nodes="/config/*" src="[cbinfo.modules.dir]/custom/formular-randers/config/miljoetilsyn.xml" mustexist="false"  /> 
	<include nodes="/config/*" src="[cbinfo.modules.dir]/custom/formular-randers/config/jordflytning.xml" mustexist="false"  /> 
	<include nodes="/config/*" src="[cbinfo.modules.dir]/custom/formular-randers/config/jordflytning2.xml" mustexist="false"  /> 
	<include nodes="/config/*" src="[cbinfo.modules.dir]/custom/formular-randers/config/jordflytning3.xml" mustexist="false"  /> 
	<include nodes="/config/*" src="[cbinfo.modules.dir]/custom/formular-randers/config/klage_vintertjeneste.xml" mustexist="false"  /> 
	<include nodes="/config/*" src="[cbinfo.modules.dir]/custom/formular-randers/config/klage_vintertjeneste_sti.xml" mustexist="false"  /> 
	<include nodes="/config/*" src="[cbinfo.modules.dir]/custom/formular-randers/config/klage_vintertjeneste_vej.xml" mustexist="false"  /> 
	<include nodes="/config/*" src="[cbinfo.modules.dir]/custom/formular-randers/config/find_samlet_ejendom.xml" mustexist="false"  /> 
	<include nodes="/config/*" src="[cbinfo.modules.dir]/custom/formular-randers/config/wfs_import.xml" mustexist="false"  /> 
	<include nodes="/config/*" src="[cbinfo.modules.dir]/custom/formular-randers/config/landzoneadministration.xml" mustexist="false"  /> 
	<include nodes="/config/*" src="[cbinfo.modules.dir]/custom/formular-randers/config/landzoneadministration_bygning.xml" mustexist="false"  /> 
	<include nodes="/config/*" src="[cbinfo.modules.dir]/custom/formular-randers/config/landzoneadministration_udstykning.xml" mustexist="false"  /> 
	<include nodes="/config/*" src="[cbinfo.modules.dir]/custom/formular-randers/config/landzoneadministration_afslut.xml" mustexist="false"  /> 
	<include nodes="/config/*" src="[cbinfo.modules.dir]/custom/formular-randers/config/lysavis.xml" mustexist="false"  /> 
	<include nodes="/config/*" src="[cbinfo.modules.dir]/custom/formular-randers/config/graesning.xml" mustexist="false"  /> 
	<include nodes="/config/*" src="[cbinfo.modules.dir]/custom/formular-randers/config/arrangement_midlertidigsalg.xml" mustexist="false"  /> 
	<include nodes="/config/*" src="[cbinfo.modules.dir]/custom/formular-randers/config/arrangement_midlertidigcamping.xml" mustexist="false"  /> 
	<include nodes="/config/*" src="[cbinfo.modules.dir]/custom/formular-randers/config/klage_parkering.xml" mustexist="false"  /> 
	<include nodes="/config/*" src="[cbinfo.modules.dir]/custom/formular-randers/config/borgmesterkontoret.xml" mustexist="false"  /> 
	<include nodes="/config/*" src="[cbinfo.modules.dir]/custom/formular-randers/config/borgmesterkontoret_afmeld.xml" mustexist="false"  /> 
	<include nodes="/config/*" src="[cbinfo.modules.dir]/custom/formular-randers/config/pleje_opgave.xml" mustexist="false"  /> 
	<include nodes="/config/*" src="[cbinfo.modules.dir]/custom/formular-randers/config/markvanding.xml" mustexist="false"  /> 
	<include nodes="/config/*" src="[cbinfo.modules.dir]/custom/formular-randers/config/sommerfest.xml" mustexist="false"  />
	<include nodes="/config/*" src="[cbinfo.modules.dir]/custom/formular-randers/config/skov_biotoper.xml" mustexist="false"  />
	<include nodes="/config/*" src="[cbinfo.modules.dir]/custom/formular-randers/config/maaleaflaesning.xml"  mustexist="false" />
	
	<!-- VIDEO -->
	<include nodes="/config/*" src="[cbinfo.modules.dir]/custom/formular-randers/config/etabler_nedsivningsanlaeg_video.xml"  />
	<include nodes="/config/*" src="[cbinfo.modules.dir]/custom/formular-randers/config/faerdigmelding_nedsivningsanlaeg_video.xml"  /> 
	<include nodes="/config/*" src="[cbinfo.modules.dir]/custom/formular-randers/config/slam_video.xml"  /> 
	<include nodes="/config/*" src="[cbinfo.modules.dir]/custom/formular-randers/config/arrangement150_video.xml"  />
	<include nodes="/config/*" src="[cbinfo.modules.dir]/custom/formular-randers/config/faerdigmelding_af_jordvarmeanlaeg_video.xml"  />
	<include nodes="/config/*" src="[cbinfo.modules.dir]/custom/formular-randers/config/klage_parkering_video.xml"  />
	<include nodes="/config/*" src="[cbinfo.modules.dir]/custom/formular-randers/config/midlertidig_overnatning_video.xml"  />
	<include nodes="/config/*" src="[cbinfo.modules.dir]/custom/formular-randers/config/anmeld_olietank_video.xml"  />
		<include nodes="/config/*" src="[cbinfo.modules.dir]/custom/formular-randers/config/jordvarmeanlaeg_video.xml"  />
		<include nodes="/config/*" src="[cbinfo.modules.dir]/custom/formular-randers/config/ejendomsavancebeskatning_video.xml"  />
		<include nodes="/config/*" src="[cbinfo.modules.dir]/custom/formular-randers/config/arrangement_telt_video.xml"  />

	
	
	<!-- NEMLOGIN FORMULARER -->
	<include nodes="/config/*" src="[cbinfo.modules.dir]/custom/formular-randers/config/secure_erklaering_teknisk_doku.xml" mustexist="false" />
	<include nodes="/config/*" src="[cbinfo.modules.dir]/custom/formular-randers/config/secure_faerdigmeld_separering_kloak.xml" mustexist="false" />
	<include nodes="/config/*" src="[cbinfo.modules.dir]/custom/formular-randers/config/secure_ejendomsavancebeskatning.xml" mustexist="false" />
	
	<!-- Under udarbejdelse Septima - skal placeres rigtigt i denne fil -->
	<include nodes="/config/*" src="[cbinfo.modules.dir]/custom/formular-sporgeskema/config/formular_config.xml"  mustexist="true" /> 
	
	
	<!-- KORTDAGE 2014 DEMO -->
	<include nodes="/config/*" src="[cbinfo.modules.dir]/custom/formular-randers/config/jordflytning3_demo.xml" mustexist="false"  /> 
	<include nodes="/config/*" src="[cbinfo.modules.dir]/custom/formular-randers/config/jordvarmeanlaeg_demo.xml" mustexist="false"  /> 
	<include nodes="/config/*" src="[cbinfo.modules.dir]/custom/formular-randers/config/lejemaal_demo.xml" mustexist="false"  /> 
	<include nodes="/config/*" src="[cbinfo.modules.dir]/custom/formular-randers/config/tilsyn_vandloeb_demo.xml" mustexist="false"  /> 
	<include nodes="/config/*" src="[cbinfo.modules.dir]/custom/formular-randers/config/faerdigmeld_separering_kloak_demo.xml" mustexist="false"  /> 
	<include nodes="/config/*" src="[cbinfo.modules.dir]/custom/formular-randers/config/slam_demo.xml" mustexist="false"  /> 
	<include nodes="/config/*" src="[cbinfo.modules.dir]/custom/formular-randers/config/gravhoej_demo.xml" mustexist="false"  /> 
	<include nodes="/config/*" src="[cbinfo.modules.dir]/custom/formular-randers/config/tilsyn_gravhoj_demo.xml" mustexist="false"  /> 
	<include nodes="/config/*" src="[cbinfo.modules.dir]/custom/formular-randers/config/cms_nemid_test.xml" mustexist="false"  /> 
	<include nodes="/config/*" src="[cbinfo.modules.dir]/custom/formular-under-udarbejdelse/config/nyt_omrnr.xml" mustexist="false"  /> 
	<include nodes="/config/*" src="[cbinfo.modules.dir]/custom/formular-randers/config/brandhaner.xml" mustexist="false"  /> 
	
	
	<!-- blot til demo/test -->
	<include nodes="/config/*" src="[cbinfo.modules.dir]/custom/formular-randers/config/kmr2.xml"  mustexist="false" /> 
	<include nodes="/config/*" src="[cbinfo.modules.dir]/custom/formular-randers/config/arrangement150_test.xml"  /> 
	
	<include nodes="/config/*" src="[cbinfo.modules.dir]/custom/formular-randers/config/secure_nemidtest_hent_navn_fra_nemid.xml" mustexist="false" />
	<include nodes="/config/*" src="[cbinfo.modules.dir]/custom/formular-randers/config/secure_dorthe_test.xml" mustexist="false" />
	
	
	
	
	<include nodes="/config/*" src="[cbinfo.modules.dir]/custom/formular-randers/config/demo.xml" />
	<include nodes="/config/*" src="[cbinfo.modules.dir]/custom/formular-randers/config/booking2.xml" />
	<include nodes="/config/*" src="[cbinfo.modules.dir]/custom/formular-randers/config/maplesQry_formular_template.xml" />
	
	<!-- under udarbejdelse  - eller til testformaal -->
	<!-- Skimmelsvamp -->
	<include nodes="/config/*" src="[cbinfo.modules.dir]/custom/formular-skimmelsvamp/config/formular_config.xml"  mustexist="false" />
	<include nodes="/config/*" src="[cbinfo.modules.dir]/custom/formular-skimmelsvamp_secure/config/formular_config.xml"  mustexist="false" />
	
	<include nodes="/config/*" src="[cbinfo.modules.dir]/custom/formular-randers/config/forurenende_aktiviteter.xml" />
	<include nodes="/config/*" src="[cbinfo.modules.dir]/custom/formular-randers/config/renoveringsaffald.xml" />
	
	<include nodes="/config/*" src="[cbinfo.modules.dir]/custom/formular-under-udarbejdelse/config/anmeld_overnat_i_det_fri.xml"  mustexist="false" />
	<include nodes="/config/*" src="[cbinfo.modules.dir]/custom/formular-under-udarbejdelse/config/formular_config.xml"  mustexist="false" />
	<include nodes="/config/*" src="[cbinfo.modules.dir]/custom/formular-under-udarbejdelse/config/formular_eksempler.xml"  mustexist="false"  /> 
	<include nodes="/config/*" src="[cbinfo.modules.dir]/custom/formular-randers/config/kmr.xml" mustexist="false"  /> 
	<include nodes="/config/*" src="[cbinfo.modules.dir]/custom/formular-randers/config/dorthe.xml" mustexist="false"  /> 
	
	<!-- <include nodes="/config/*" src="[cbinfo.modules.dir]/custom/formular-under-udarbejdelse/config/kmr2.xml"  mustexist="false" />  -->
	
	<include nodes="/config/*" src="[cbinfo.modules.dir]/custom/formular-under-udarbejdelse/config/s4-demo.xml"  mustexist="false" /> 
	<include nodes="/config/*" src="[cbinfo.modules.dir]/custom/formular-under-udarbejdelse/config/login_demo.xml"  mustexist="false" />
	<include nodes="/config/*" src="[cbinfo.modules.dir]/custom/formular-under-udarbejdelse/config/sbsysintegration.xml"  mustexist="false" />
	<include nodes="/config/*" src="[cbinfo.modules.dir]/custom/formular-under-udarbejdelse/config/test2.xml" mustexist="false"  /> 
	<include nodes="/config/*" src="[cbinfo.modules.dir]/custom/formular-under-udarbejdelse/config/test4.xml" mustexist="false"   /> 
	<include nodes="/config/*" src="[cbinfo.modules.dir]/custom/formular-under-udarbejdelse/config/testtest.xml"  mustexist="false"  />
	<include nodes="/config/*" src="[cbinfo.modules.dir]/custom/formular-under-udarbejdelse/config/sbsys_test.xml" mustexist="false"  /> 
	
	<include nodes="/config/*" src="[cbinfo.modules.dir]/custom/formular-under-udarbejdelse/config/tilsyns_notat.xml" mustexist="false"  /> 
	<include nodes="/config/*" src="[cbinfo.modules.dir]/custom/formular-under-udarbejdelse/config/park_rapporter.xml" mustexist="false"  /> 
	<include nodes="/config/*" src="[cbinfo.modules.dir]/custom/formular-under-udarbejdelse/config/testrapport.xml" mustexist="false"  /> 
	<include nodes="/config/*" src="[cbinfo.modules.dir]/custom/formular-under-udarbejdelse/config/test_sbsys_laes.xml" mustexist="false"  /> 
	<include nodes="/config/*" src="[cbinfo.modules.dir]/custom/formular-under-udarbejdelse/config/test_sbsys_opret.xml" mustexist="false"  /> 

		
	<!-- under udarbejdelse - til javascript undervisning -->
	<include nodes="/config/*" src="[cbinfo.modules.dir]/custom/formular-under-udarbejdelse/config/vdd_emil.xml"  mustexist="false" />
	<include nodes="/config/*" src="[cbinfo.modules.dir]/custom/formular-under-udarbejdelse/config/vdd_jan.xml"  mustexist="false" />
	<include nodes="/config/*" src="[cbinfo.modules.dir]/custom/formular-under-udarbejdelse/config/vdd_mie.xml"  mustexist="false" />
	<include nodes="/config/*" src="[cbinfo.modules.dir]/custom/formular-under-udarbejdelse/config/vdd_rene.xml"  mustexist="false" />
	<include nodes="/config/*" src="[cbinfo.modules.dir]/custom/formular-under-udarbejdelse/config/vdd_kmr.xml"  mustexist="false" />
	<include nodes="/config/*" src="[cbinfo.modules.dir]/custom/formular-randers/config/byggesag_forhaandsdialog.xml"  mustexist="false" />
     
<!--
    <formular name="nedsivning_tag_overfladevand_landbrug">
        <header>Ansøgning om nedsivning af tag og overfladevand på landbrug</header>
        <subheader>Ansøgning efter § 30 i Bekendtgørelse nr. 1448 af 11. december 2007 om spildevandstilladelser</subheader>
        <submitpage>formular.send.nedsivning_tag_overfladevand_landbrug</submitpage>
        <reportprofile>ekstern_all</reportprofile>
        <reportlayers>default</reportlayers>
        <reportxsl>nedsivning_tag_overfladevand_landbrug</reportxsl>
        <content>
            <input type="hidden" urlparam="pdfheadertext1" defaultvalue="Dette er en tekst, der skal sættes ind i kviteringen."/>
            <address urlparam="address" displayname="Adresse:" apikey="[module.spatialaddress.apikey]" filter="[module.spatialaddress.filter]"></address>
            <maptools>
                <maptool name="pan"/>
                <maptool name="polygon"/>               
                <maptool name="circle"/>
            </maptools>
            <map>
                <extent>539430.4,6237856,591859.2,6290284.8</extent>
                <resolutions>0.4,0.8,1.6,3.2,6.4,12.8,25.6,51.2,102.4</resolutions>
                <themes>
                    <theme name="theme-ddoland2012" host="http://tile.randers.dk/service/wms"/>
                </themes>
            </map>
            <area urlparam="areal" displayname="Areal:"/>
            <conflicts urlparam="konflikttekst1" displayname="Det ansøgte vedrører følgende ejendom(e):" targerset="ejendom"/>
            <input type="dropdown" displayname="husspildevand udledes til:" urlparam="husspildevand_til">
                <option value="offentlig_kloak" name="Offentlig kloak"/>
                <option value="nedsivning" name="Nedsigning"/>
                <option value="3" name="3"/>
            </input>
            <input type="dropdown" displayname="Produktion:" urlparam="produktion">
                <option value="avlssvin" name="Svin"/>
                <option value="koedkvaeg" name="Kødkvæg"/>
				<option value="malkekaeg" name="malkekvæg"/>
				<option value="slagtesvin" name="slagtesvin"/>
                <option value="avlsvin_slagtesvin" name="avlsvin og slagtesvin"/>
                <option value="koedkvaeg_slagtesvin" name="kødkvæg og slagtesvin"/>
				<option value="fjerkrae" name="fjærkræ"/>
				<option value="andet" name="Andet"/>
				
            </input>			
            <input type="dropdown" displayname="Vandforsyning:" urlparam="vandforsyning">
                <option value="tag" name="Tag"/>
                <option value="facade" name="Facade"/>
                <option value="vinduer" name="Vinduer"/>
                <option value="andet" name="Andet"/>
            </input>
            <input type="date"  displayname="Opsætnings dato:" urlparam="date1"/>
            <input type="date"  displayname="Nedtagnings dato:" urlparam="date2"/>
            <input type="input" displayname="Navn:" urlparam="navn"/>
            <input type="input" displayname="E-mail:" urlparam="email"/>
            <input type="input" displayname="Tlf. nr.:" urlparam="tlf"/>
        </content>
    </formular>
 -->

<!--      
<formular name="midlertidig_overnatning">
        <header>Ansøgning om midlertidig overnatning for mere end 10 personer</header>
        <subheader>Jeg erklærer på tro og love at jeg er bekendt med regler for midlertig overnatning jf. Driftmæssige Forskrifer for hoteller mv. at kravene i ovennævnte forskrifter efterleves, at der opsættes røgalarmer i de enkelte lokaler der anvendes til overnatning (der skal forud for en hver overnatning foretages afårævning af røgalarmerne, medmindre de er tilsluttet 230 volt med batteribackup), at der skal indsendes en belægningsplan over 75 m2, at der i bygninger der indrettes med soverpladser til 150 personer eller flere skal være en fast vågen vagt som skal foretage runderinger </subheader>
        <help displayname="Hjælp"><![CDATA[<b>Hjælp</b><br/>Her står der hvordan du kan bruge siden. Man kan skrive HTML ind i hjælpeteksten. Det kunne også være billeder og <a href="http://spatialmap.com">links</a>]]></help>        
        <submitpage>formular.send.midlertidig_overnatning</submitpage>
        <reportmapscale>500</reportmapscale>
        <reportprofile>ekstern_all</reportprofile>
        <reportlayers>default</reportlayers>
        <reportxsl>midlertidig_overnatning</reportxsl>
        <content>
            <input type="hidden" urlparam="pdfheadertext1" defaultvalue="Dette er en tekst, der skal sættes ind i kviteringen."/>
            <input type="text" displayname=" "/>
            <address urlparam="address" displayname="Ansøgningsadresse:" apikey="[module.spatialaddress.apikey]" filter="komnr0730" regexp="[a-zæøå]" validate="Det skal være indtastet en adresse!"></address>
            <input type="text" displayname=" "/>
            <input type="text" displayname="Du skal nu angive på kortet, hvor den midlertidige overnatning skal placeres. Vælg punkt-knappen og tegn i kortet:"/>
            <maptools>
                <maptool name="point"/>
            </maptools>
            <map>
                <extent>539430.4,6237856,591859.2,6290284.8</extent>
                <resolutions>0.2,0.4,0.8,1.6,3.2,6.4,12.8,25.6,51.2,102.4</resolutions>
                <themes>
                    <theme name="theme-grundkort_graa" host="http://tile.randers.dk/service/wms"/>
                </themes>
            </map>
            <conflicts urlparam="konflikttekst1" displayname="Erklæringen vedrører følgende ejendom(e):" targerset="ejendom"/>
            <input type="input" displayname="Forsamlingslokale/institution:" urlparam="sted"/>
            <input type="input" displayname="lokalenummer(numre) eller betegnelser:" urlparam="lokale"/>  
            <input type="input" displayname="Kontaktperson(ejer eller dennes repræsentant):" urlparam="kontaktperson_navn" regexp=".+" validate="Indtast navn!"/>
            <input type="input" displayname="Tlf. nr. til kontaktperson(ejer eller dennes repræsentant):" urlparam="kontkatperson_tlf"/>
            <input type="date" displayname="Startdato:" urlparam="startdato"/> 
            <input type="date" displayname="Slutdato:" urlparam="slutdato"/> 
              <input type="input" displayname="Antal personer:" urlparam="personer" regexp="^[1-9][0-9]*$" validate="Indtast antal personer!"/>    
            <input type="dropdown" displayname="Aldersgruppe:" urlparam="aldersgruppe">
                <option value="" name="Opgravet/tømt og fjernet fra ejendommen"/>
                <option value="Tanken er tømt og afblændet" name="Tanken er tømt og afblændet"/>
                <option value="Tanken er tømt, afblændet og sandfyldt" name="Tanken er tømt, afblændet og sandfyldt"/>
                <option value="Tanken er fjernet fra ejendommen" name="Tanken er fjernet fra ejendommen"/>
             </input>
             <input type="text" displayname=" "/>
             <input type="text" displayname="Ansvarlige for overnatningen "/>
            <input type="input" displayname="Navn:" urlparam="navn" regexp=".+" validate="Indtast navn!"/>
            <input type="input" displayname="Adresse:" urlparam="adresse" regexp=".+" validate="Indtast egen adresse!"/>
            <input type="input" displayname="E-mail:" id="email1" urlparam="email"/>
            <input type="text" displayname="Indtast e-mail igen, for at verificere:"/>
            <input type="input" displayname="E-mail:" id="email2" urlparam="email" onkeyup="formular.compare('email1','email2','De to skal være ens')"/>
            <input type="input" displayname="Tlf. nr.:" urlparam="tlf"/>
            <confirm displayname="Følgende oplysninger er indtastet. Er det korrekt?"/>
        </content>
     </formular> -->
          
<!--
-->
</config>