<?xml version="1.0" encoding="UTF-8"?>
<config>
     <formular name="forurenende_aktiviteter">
        <header>Forurenende aktiviteter</header>
        <subheader></subheader>
        
		<submitpages>
			<page parser="setFrid">formular.create-frid</page>
			<page errortype="error" errormessage="Fejl i gemning af data" >formular.forurenende_aktiviteter.save</page> 
			<page parser="setPdf">formular.send.forurenende_aktiviteter.pdf</page>
            <!-- Denne del (move) er general - den skal der ikke pilles ved -->
			<page>formular.move.pdf</page>

			
			<!--
			<page parser="setFrid" errortype="error" errormessage="Fejl i skabelse af SBSYS sag" condition="jQuery('#curjournalnr').val() == ''">sbsys.landzoneadmin.create-case</page> 
			<page parser="setFrid"  urlparam="journalnr" errortype="error" errormessage="Fejl i skabelse af SBSYS sags-ID" condition="jQuery('#curjournalnr').val() == ''">sbsys.landzoneadmin.journalNr</page> 
			<page parser="setParams" errortype="error" errormessage="Fejl i håndtering af SBSYS sags data!">sbsys.landzoneadmin.journalNr</page>
			<page parser="setParamsFrid" errortype="error" errormessage="Fejl i håndtering af SBSYS sags data!!" condition="jQuery('#curjournalnr').val() != ''">sbsys.landzoneadmin.journalNr</page>			
			-->
        </submitpages>

        <!-- <reportmapscale>1000</reportmapscale> -->
        <reportprofile>ekstern_all</reportprofile>
        <reportlayers>default</reportlayers>
		<reportxsl>forurenende_aktiviteter</reportxsl>
		<js>/js/custom/forurenende_aktiviteter.js</js>
		<messages>
            <message name="done">Denne fase er afsluttet. Kvittering &lt;a href=&quot;{{pdf}}&quot; target=&quot;_blank&quot;&gt;her&lt;/a&gt; - vælg venligst næste fase via knappen herunder. </message>
			<message name="saving">Data behandles. Vent venligst.</message>
            <message name="error">Der er desværre opstet en fejl!</message>
        </messages>

        
		<tabs class="smalltabs">true</tabs>
        <content displayname="Hvad">
			
			<input type="hidden" id="dags_dato" urlparam="dags_dato" />			
			<input type="hidden" id="warning" urlparam="xx" defaultvalue="true" />			
            <!--
			<input type="radiobutton" id="aktivitet" displayname="Hvad søges:" urlparam="aktivitet">
                <option value="Bygge-anlægsarbejder" name="Bygge-anlægsarbejder" />
                <option value="Nedrivningsaktiviteter" name="Nedrivningsaktiviteter"/>
                <option value="Bygningsfacadebehandling" name="Bygningsfacadebehandling"/>
				<option value="Overfladebehandling af fritstående stålkonstruktioner og andre større fritstående konstruktioner"  name="Overfladebehandling af fritstående stålkonstruktioner og andre større fritstående konstruktioner" />
            </input>
			-->
			
			
			<input type="text" id="na" displayname="Hvad søges:" />
			<input type="text" id="na2" displayname="En af følgende skal vælges:" condition="jQuery('#warning').val() == 'true'" />
			<input type="checkbox" id="aktivitet_bygge" displayname="Bygge- og anlægsarbejder:" urlparam="aktivitet_bygge" onchange="checkAktivitet();" defaultvalue="false" />
			<input type="checkbox" id="aktivitet_nedrivning" displayname="Nedrivningsaktiviteter:" urlparam="aktivitet_nedrivning" onchange="checkAktivitet();" defaultvalue="false" />
			<input type="checkbox" id="aktivitet_facadebehandling" displayname="Bygningsfacadebehandling:" urlparam="aktivitet_facadebehandling" onchange="checkAktivitet();" defaultvalue="false"  />
			<input type="checkbox" id="aktivitet_overfladebehandling" displayname="Overfladebehandling af fritstående stålkonstruktioner og andre større fritstående konstruktioner:" urlparam="aktivitet_overfladebehandling" onchange="checkAktivitet();" defaultvalue="false" />
            
			
			<!-- S4 søgning - PT anvendes GeoSearch -->
            <septimasearch urlparam="adresse_lookup" displayname="Vælg sted:" usegeometry="false" placeholder="Søg adresse" onchange="address_change.apply(this, arguments)">
                <searcher>
                    <type>Septima.Search.DawaSearcher</type>
                    <title>Adresser</title>
                    <options>
                        <kommunekode>730</kommunekode>
                    </options>
                </searcher>
            </septimasearch>
             
            <input type="input" disabled="true" displayname="Adresse" urlparam="adresse_vejhusnr" id="adresse_vejhusnr" required="true"/>
            <input type="input" displayname="Etage/side" urlparam="adresse_etageside" id="adresse_etageside"/>
            <input type="input" disabled="true" displayname="Postnr" urlparam="adresse_postdistrikt" id="adresse_postdistrikt" required="true"/>
			<input type="hidden" urlparam="adresse" id="adresse" defaultvalue="" />

			<!-- <geosearch urlparam="adresse" id="adresse" displayname="Søg adresse eller matrikeloplysninger:" resources="Adresser,Matrikelnumre" filter="[module.spatialaddress.filter]" /> -->
            <maptools>
                <maptool displayname="Tegn en polygon" name="polygon"/>
                <maptool displayname="Slet en geometri" name="delete"/>
                <maptool displayname="Flyt/rotér en geometri" name="move"/>
                <maptool displayname="Ændre en geometri" name="modify"/>
                <maptool displayname="Udpeg en matrikel" name="select" datasource="ds_jordstykke"  default="true"/>
				<!-- <maptool displayname="Placer en bygning" name="template2"  options="polygon -0,0 7,0 0,-7 -7,0"/> -->
            </maptools>
            <map multiplegeometries="false" id="map1" required="true">
                <extent>539430.4,6237856,591859.2,6290284.8</extent>
                <resolutions>0.2,0.4,0.8,1.6,3.2,6.4,12.8,25.6,51.2,102.4</resolutions>
                <themes>
					<theme name="theme-ddoland2015" host="/wms?servicename=randers_wms"/>
					<theme name="theme-jordstykke" host="/wms?servicename=selvbetjening_wms"/>
					<theme name="theme-matrnr" host="/wms?servicename=randers_wms" maxScale="3000" />
                </themes>
            </map>
           <conflicts id="konflikttekst1" urlparam="konflikttekst1" displayname="Informationer vedrører følgende ejendom(e):" targerset="ejendom_lejemaal_lza" onconflict="handleEjendom(this)" onnoconflict="handleEjendom(this)"/>
		   <input type="hidden" id="ejers_navn" urlparam="ejers_navn"   defaultvalue="" />
		   <input type="hidden" id="ejers_adresse" urlparam="ejers_adresse"   defaultvalue="" />
		   <conflicts id="konflikttekst2" urlparam="konflikttekst2" displayname="Informationer vedrører ejerne:" targerset="ejendomalleejer_reduceret" onconflict="handleEjer(this)" onnoconflict="handleEjer(this)" />
		   <input type="hidden" id="ejendom_matr" urlparam="ejendom_matr"   defaultvalue="" />
		   <input type="hidden" id="ejendom_nr" urlparam="ejendom_nr"   defaultvalue="" />
		   <conflicts id="konflikttekst3" urlparam="konflikttekst3" displayname="Informationer vedrører kommuneplanrammer:" targerset="kommuneplan_wfs" onconflict="handlePlanNr(this)" onnoconflict="handlePlanNr(this)" />
		   <input type="hidden" id="plannr" urlparam="plannr"   defaultvalue="" />
		   <conflicts id="konflikttekst4" urlparam="konflikttekst4" displayname="Informationer vedrører sagsbehandler:" targerset="miljosagsbehandler_navn" onconflict="setSagsbehandler(this)" onnoconflict="setSagsbehandler(this)"/>
		   <input type="hidden" id="sbsys_brugerid" urlparam="sbsys_brugerid"   defaultvalue="" />
		   <input type="hidden" id="mail_intern" urlparam="mail_intern"   defaultvalue="" />
		   
		   
			<input type="date" id="startdato" displayname="Start dato:" urlparam="startdato" onkeyup="formular.countDays(jQuery('#startdato').val(),jQuery('#slutdato').val(),'days')" onchange="formular.setDatepickerLimit('slutdato',{start: jQuery('#startdato').val()});formular.countDays(jQuery('#startdato').val(),jQuery('#slutdato').val(),'days');" regexp="[0-3][0-9]\.[0-1][0-9]\.[2][0][0-1][0-9]" validate="Vælg en dato!"/>
            <input type="date" id="slutdato" displayname="Slut dato:" urlparam="slutdato" onkeyup="formular.countDays(jQuery('#startdato').val(),jQuery('#slutdato').val(),'days')" onchange="formular.setDatepickerLimit('startdato',{end: jQuery('#slutdato').val()});formular.countDays(jQuery('#startdato').val(),jQuery('#slutdato').val(),'days');" regexp="[0-3][0-9]\.[0-1][0-9]\.[2][0][0-1][0-9]" validate="Vælg en dato!"/>
			<input type="input" id="arbejdstid" urlparam="arbejdstid" displayname="Jeres arbejdstid" validate="Angiv arbejdstid"/>
			<input type="textarea" id="aktiviteten" urlparam="aktiviteten" displayname="Beskriv aktiviteten" />
		</content>
		<content displayname="Gener">
            <!-- støjgener -->
			<input type="dropdown" id="stoej" displayname="Vil aktiviteten medfører støj:" urlparam="stoej" regexp=".+" validate="Vælg en værdi">
				<option value="" name="Vælg"/>
                <option value="Ja" name="Ja"/>
                <option value="Nej" name="Nej"/>				
		    </input>	

			<input type="input" id="stoej_max_db" urlparam="stoej_max_db" displayname="Max. støjniveau i DB" condition="jQuery('#stoej').val() == 'Ja'"/>
			<input type="input" id="stoej_kilde" urlparam="stoej_kilde" displayname="Hvad er kilden til støj"  condition="jQuery('#stoej').val() == 'Ja'"/>
			<input type="textarea" id="stoej_reduktion" urlparam="stoej_reduktion" displayname="Hvad gøres der for at reducerer støjen"  condition="jQuery('#stoej').val() == 'Ja'"/>
			
			<!-- støvgener -->
			<input type="dropdown" id="stoev" displayname="Vil aktiviteten medfører støv:" urlparam="stoev" regexp=".+" validate="Vælg en værdi">
				<option value="" name="Vælg"/>
                <option value="Ja" name="Ja"/>
                <option value="Nej" name="Nej"/>				
		    </input>	
			<input type="textarea" id="stoev_reduktion" urlparam="stoev_reduktion" displayname="Hvad gøres der for at reducerer støv"  condition="jQuery('#stoev').val() == 'Ja'"/>
			
			<!-- lugt -->
			<input type="dropdown" id="lugt" displayname="Vil aktiviteten medfører lugtgener:" urlparam="lugt" regexp=".+" validate="Vælg en værdi">
				<option value="" name="Vælg"/>
                <option value="Ja" name="Ja"/>
                <option value="Nej" name="Nej"/>				
		    </input>	
			
¨			<input type="textarea" id="lugt_reduktion" displayname="Hvad gøres der for at reducerer lugtgener" urlparam="lugt_reduktion" condition="jQuery('#lugt').val() == 'Ja'"/>
		</content>
		<content displayname="Byggeår">
			<!-- <input type="input" id="byggeaar" displayname="Byggeår (4 cifre)" urlparam="byggeaar" regexp="[0-9]{4}" validate="Angiv byggår" onkeyup="handleByggeOrRenovering();"/> -->
			<input type="dropdown" id="byggeaar" displayname="Vælg byggeår" urlparam="byggeaar" regexp=".+" validate="Angiv byggår" onchange="handleByggeOrRenovering();">
				<option value="" name="Vælg"/>
                <option value="Før 1950" name="Før 1950"/>
                <option value="1950-1977" name="Mellem 1950 og 1977"/>
				<option value="Efter 1977" name="Efter 1977"/>			
			</input>
			
			<input type="dropdown" id="renoveret" displayname="Er bygningen blevet renoveret?:" urlparam="renoveret" regexp=".+" validate="Vælg en værdi" onchange="handleByggeOrRenovering();" >
				<option value="" name="Vælg"/>
                <option value="Ja" name="Ja"/>
                <option value="Nej" name="Nej"/>				
		    </input>	
			
			<!-- <input type="input" id="renovationsaar" urlparam="renovationsaar" displayname="Vælg renovationsår"  regexp=".+" validate="Angiv renovationsår"  condition="jQuery('#renoveret').val() == 'Ja'" onchange="handleByggeOrRenovering();"/> -->
			<input type="dropdown" id="renovationsaar" urlparam="renovationsaar" displayname="Vælg renovationsår"  regexp=".+" validate="Angiv renovationsår"  condition="jQuery('#renoveret').val() == 'Ja'" onchange="handleByggeOrRenovering();">
				<option value="" name="Vælg"/>
                <option value="Før 1950" name="Før 1950"/>
                <option value="1950-1977" name="Mellem 1950 og 1977"/>
				<option value="Efter 1977" name="Efter 1977"/>						
			</input>
			<input type="hidden" id="potentiel_farlig_affald" urlparam="potentiel_farlig_affald"   defaultvalue="Nej" />
		</content>
		<content displayname="Kontaktoplysninger">
		<input type="input" id="bygherre_navn" displayname="Bygherrens navn" urlparam="bygherre_navn" regexp=".+" validate="Angiv navn" />
		<!-- <geosearch id="adresse_bygherre" displayname="Søg adresse:" urlparam="adresse_bygherre" resources="Adresser" filter="" regexp=".+" validate="Angiv adresse" /> -->
		<septimasearch urlparam="adresse_lookup_bygherre" displayname="Vælg sted:" usegeometry="false" placeholder="Søg adresse" onchange="address_change_bygherre.apply(this, arguments)">
			<searcher>
				<type>Septima.Search.DawaSearcher</type>
				<title>Adresser</title>
			</searcher>
		</septimasearch>
		 
		<input type="input" disabled="true" displayname="Adresse" urlparam="adresse_bygherre_vejhusnr" id="adresse_bygherre_vejhusnr" required="true"/>
		<input type="input" displayname="Etage/side" urlparam="adresse_bygherre_etageside" id="adresse_bygherre_etageside"/>
		<input type="input" disabled="true" displayname="Postnr" urlparam="adresse_bygherre_postdistrikt" id="adresse_bygherre_postdistrikt" required="true"/>
		<input type="hidden" urlparam="adresse_bygherre" id="adresse_bygherre" defaultvalue="" />

		
		<input type="input" id="bygherre_tlf" displayname="Bygherrens telefon" urlparam="bygherre_tlf" regexp=".+" validate="Angiv telefon" />
		<input type="input" id="email1" displayname="Bygherrens e-mail:" urlparam="email"   regexp=".+" validate="Indtast mailadresse!"/>
		<input type="text" displayname="Indtast e-mail igen, for at verificere:"/>
		<input type="input" id="email2" displayname="Bygherrens e-mail:" urlparam="email"   onkeyup="formular.compare('email1','email2','De to skal være ens')"  regexp=".+" validate="Gentag mailadresse!"/>
		
		<input type="checkbox" id="anmelder" displayname="Bygherrer er også anmelder" urlparam="anmelder" defaultvalue="false"  />
		
		<input type="input" id="anmelder_navn" displayname="Anmelders navn" urlparam="anmelder_navn" regexp=".+" validate="Angiv navn" condition="!jQuery('#anmelder').is(':checked')" />
		<!-- <geosearch id="adresse_anmelder" displayname="Søg adresse:" urlparam="adresse_anmelder" resources="Adresser" filter="" regexp=".+" validate="Angiv adresse" condition="!jQuery('#anmelder').is(':checked')"/> -->
		<septimasearch urlparam="adresse_lookup_anmelder" displayname="Vælg sted:" usegeometry="false" placeholder="Søg adresse" onchange="address_change_anmelder.apply(this, arguments)" condition="!jQuery('#anmelder').is(':checked')" >
			<searcher>
				<type>Septima.Search.DawaSearcher</type>
				<title>Adresser</title>
			</searcher>
		</septimasearch>
		 
		<input type="input" disabled="true" displayname="Adresse" urlparam="adresse_anmelder_vejhusnr" id="adresse_anmelder_vejhusnr" required="true" condition="!jQuery('#anmelder').is(':checked')"/>
		<input type="input" displayname="Etage/side" urlparam="adresse_anmelder_etageside" id="adresse_anmelder_etageside" condition="!jQuery('#anmelder').is(':checked')"/>
		<input type="input" disabled="true" displayname="Postnr" urlparam="adresse_anmelder_postdistrikt" id="adresse_anmelder_postdistrikt" required="true" condition="!jQuery('#anmelder').is(':checked')"/>
		<input type="hidden" urlparam="adresse_anmelder" id="adresse_anmelder" defaultvalue=""  />
		
		<input type="input" id="anmelder_tlf" displayname="Anmelders telefon" urlparam="anmelder_tlf" regexp=".+" validate="Angiv telefon" condition="!jQuery('#anmelder').is(':checked')" />
		<input type="input" id="email3" displayname="Anmelders e-mail:" urlparam="anmelder_email"   regexp=".+" validate="Indtast mailadresse!" condition="!jQuery('#anmelder').is(':checked')"/>
		<input type="text" displayname="Indtast e-mail igen, for at verificere:" condition="!jQuery('#anmelder').is(':checked')" />
		<input type="input" id="email4" displayname="Anmelders e-mail:" urlparam="anmelder_email"   onkeyup="formular.compare('email1','email2','De to skal være ens')"  regexp=".+" validate="Gentag mailadresse!" condition="!jQuery('#anmelder').is(':checked')"/>
		
		<confirm displayname="Følgende oplysninger er indtastet. Er det korrekt?"/>
		<submitbutton displayname="Næste fase" function="nextPhase();" condition="jQuery('#potentiel_farlig_affald').val() == 'Ja'"/>
		</content>
   </formular>
</config>