<?xml version="1.0" encoding="UTF-8"?>
<config>
     <formular name="renoveringsaffald">
        <header>Renoveringaffald</header>
        <subheader></subheader>
        
		<submitpages>
			<page parser="setFrid">formular.create-frid</page>
			<page errortype="error" errormessage="Fejl i gemning af data" >formular.renoveringsaffald.save</page> 
			<page parser="setPdf">formular.send.renoveringsaffald.pdf</page>
            <!-- Denne del (move) er general - den skal der ikke pilles ved -->
			<page>formular.move.pdf</page>

			<!--
			<page parser="setFrid" errortype="error" errormessage="Fejl i skabelse af SBSYS sag" condition="jQuery('#curjournalnr').val() == ''">sbsys.landzoneadmin.create-case</page> 
			<page parser="setFrid"  urlparam="journalnr" errortype="error" errormessage="Fejl i skabelse af SBSYS sags-ID" condition="jQuery('#curjournalnr').val() == ''">sbsys.landzoneadmin.journalNr</page> 
			<page parser="setParams" errortype="error" errormessage="Fejl i håndtering af SBSYS sags data!">sbsys.landzoneadmin.journalNr</page>
			<page parser="setParamsFrid" errortype="error" errormessage="Fejl i håndtering af SBSYS sags data!!" condition="jQuery('#curjournalnr').val() != ''">sbsys.landzoneadmin.journalNr</page>			
			-->
        </submitpages>

        <!-- <reportmapscale>1000</reportmapscale> -->
        <reportprofile>ekstern_all</reportprofile>
        <reportlayers>default</reportlayers>
		<reportxsl>renoveringsaffald</reportxsl>
		<js>/js/custom/renoveringsaffald.js</js>
		<messages>
            <message name="done">Tak for din henvendelse. Kvittering &lt;a href=&quot;{{pdf}}&quot; target=&quot;_blank&quot;&gt;her&lt;/a&gt; </message>
			<message name="saving">Data behandles. Vent venligst.</message>
            <message name="error">Der er desværre opstået en fejl!</message>
        </messages>

        
		<tabs class="smalltabs">true</tabs>
        <content displayname="Kategori">
			<input type="hidden" id="dags_dato" urlparam="dags_dato" />			
			<input type="hidden" id="wkt" urlparam="wkt" defaultvalue="POINT(0 0)" />			
			<input type="hidden" id="warning" urlparam="xx" defaultvalue="true" />			
			<input type="hidden" id="adresse" urlparam="adresse"    />
			
			<input type="hidden" id="aktivitet_bygge" urlparam="aktivitet_bygge"    />
			<input type="hidden" id="aktivitet_nedrivning" urlparam="aktivitet_nedrivning"    />
			<input type="hidden" id="aktivitet_facadebehandling" urlparam="aktivitet_facadebehandling"    />
			<input type="hidden" id="aktivitet_overfladebehandling" urlparam="aktivitet_overfladebehandling"    />
			
            <!--
			<input type="radiobutton" id="aktivitet" displayname="Hvad er der foretaget:" urlparam="aktivitet">
                <option value="Renovering eller nedrivning af bygninger" name="Renovering eller nedrivning af bygninger" />
                <option value="Udskiftning af termoruder" name="Udskiftning af termoruder"/>
                <option value="Renovering broer og vejanlæg" name="Renovering broer og vejanlæg mv"/>
            </input>
			-->
			<input type="text" id="na" displayname="Hvad er der foretaget:" />
			<input type="text" id="na2" displayname="En af følgende skal vælges:" condition="jQuery('#warning').val() == 'true'" />
			<input type="checkbox" id="aktivitet_bygning" displayname="Renovering eller nedrivning af bygninger:" urlparam="aktivitet_bygning" onchange="checkAktivitet();" defaultvalue="false" />
			<input type="checkbox" id="aktivitet_termoruder" displayname="Udskiftning af termoruder:" urlparam="aktivitet_termoruder" onchange="checkAktivitet();" defaultvalue="false" />
			<input type="checkbox" id="aktivitet_broer_veje" displayname="Renovering af broer og vejanlæg:" urlparam="aktivitet_broer_veje" onchange="checkAktivitet();" defaultvalue="false"  />

		</content>
		<content displayname="Affald">
			<input type="hidden" id="potentiel_farlig_affald" urlparam="potentiel_farlig_affald"   defaultvalue="Nej" />
			<input type="hidden" id="dags_dato" urlparam="dags_dato" />			
			<input type="input" id="ejers_navn" displayname="Ejers navn" urlparam="ejers_navn"/>
			<input type="input" id="ejers_adresse" displayname="Ejers adresse" urlparam="ejers_adresse"/>
			<input type="input" id="ejendom_matr" displayname="Ejendommens matrikel" urlparam="ejendom_matr"/>
			<input type="input" id="ejendom_nr" displayname="Ejendomsnummeret" urlparam="ejendom_nr"/>
			<input type="input" id="plannr" displayname="Plannummer" urlparam="plannr"/>
			
			<input type="input" id="byggeaar" displayname="Byggeår" urlparam="byggeaar"/>
			<input type="input" id="renoveret" displayname="Er bygningen blevet renoveret?:" urlparam="renoveret" />
			<input type="input" id="renovationsaar" urlparam="renovationsaar" displayname="Renovationsår"/>

			<input type="hidden" id="affaldstype" defaultvalue="false"/>
			<input type="text" displayname="Type(r) af affald"/>
			<input type="text" displayname="Mindst en af mulighederne skal vælges" condition="jQuery('#affaldstype').val() == 'false'"/>
			<input type="checkbox" id="uglaseret_tegl" displayname="Uglaseret tegl" urlparam="uglaseret_tegl" defaultvalue="false" onchange="setAffaldsType();" />
			<input type="checkbox" id="beton" displayname="Beton" urlparam="beton" defaultvalue="false" onchange="setAffaldsType();" />
			<input type="checkbox" id="uglaseret_tegl_og_beton" displayname="Blanding af uglaseret tegl og beton" urlparam="uglaseret_tegl_og_beton" defaultvalue="false" onchange="setAffaldsType();"  />
			<input type="checkbox" id="jern_og_metal" displayname="Jern og metal" urlparam="jern_og_metal" defaultvalue="false" onchange="setAffaldsType();" />
			<input type="checkbox" id="glasuld" displayname="Glasuld" urlparam="glasuld" defaultvalue="false" onchange="setAffaldsType();" />
			<input type="checkbox" id="asbestholdig_affald" displayname="Asbestholdig affald" urlparam="asbestholdig_affald" defaultvalue="false" onchange="setAffaldsType();" />
			<input type="checkbox" id="gips" displayname="Gips" urlparam="gips" defaultvalue="false" onchange="setAffaldsType();" />
			<input type="checkbox" id="termoruder" displayname="Termoruder" urlparam="termoruder" defaultvalue="false" onchange="setAffaldsType();" />
			<input type="checkbox" id="forurenet_byggeaffald" displayname="Forurenet byggeaffald" urlparam="forurenet_byggeaffald" defaultvalue="false" onchange="setAffaldsType();" />
			<input type="checkbox" id="farligt_affald" displayname="Farligt affald" urlparam="farligt_affald" defaultvalue="false" onchange="setAffaldsType();" />
			<input type="checkbox" id="andet" displayname="Andet" urlparam="andet" defaultvalue="false" onchange="setAffaldsType();" />
			<input type="input" id="affaldsmaengde" urlparam="affaldsmaengde" displayname="Affaldsmængde i tons" regexp="^\d+$" validate="Angiv et heltal" condition="jQuery('#affaldstype').val() == 'true'"/>
			
			
			<input type="hidden" id="affaldsmodtager" defaultvalue="false"/>
			<input type="text" displayname="Modtager af affald"/>
			<input type="text" displayname="Mindst en af mulighederne skal vælges" condition="jQuery('#affaldsmodtager').val() == 'false'"/>
			<input type="checkbox" id="forbraending" displayname="Forbrænding" urlparam="forbraending" defaultvalue="false" onchange="setAffaldsModtager();" />
			<input type="checkbox" id="deponi" displayname="Deponi" urlparam="deponi" defaultvalue="false" onchange="setAffaldsModtager();" />
			<input type="checkbox" id="genanvendelse" displayname="Genanvendelse" urlparam="genanvendelse" defaultvalue="false" onchange="setAffaldsModtager();"  />
			<input type="checkbox" id="farligt_affald_modtager" displayname="Farligt affald" urlparam="farligt_affald_modtager" defaultvalue="false" onchange="setAffaldsModtager();" />
			
			<input type="input" id="affaldsmaengde_modtager" displayname="Affaldsmængde i tons" regexp="^\d+$" validate="Angiv et heltal" urlparam="affaldsmaengde_modtager" condition="jQuery('#affaldsmodtager').val() == 'true'"/>
		</content>
		
		
		<content displayname="Affald - fortsat">
			<input type="hidden" id="addFile" defaultvalue="false"/>
			<input type="dropdown" id="facadefuge" displayname="Elastiske fuger ved samling af facade- eller vægelementer, der kan være fra perioden 1950-1977?:" urlparam="facadefuge" regexp=".+" validate="Vælg en værdi" onchange="handleDropDowns();">
				<option value="" name="Vælg"/>
                <option value="ja" name="Ja"/>
                <option value="nej" name="Nej"/>
		    </input>	
			<input type="dropdown" id="dilationsfuge" displayname="Elastiske fuger som dilatationsfuger mellem bygningselementer, der kan være fra perioden 1950-1977?:" urlparam="dilationsfuge" regexp=".+" validate="Vælg en værdi" onchange="handleDropDowns();">
				<option value="" name="Vælg"/>
                <option value="ja" name="Ja"/>
                <option value="nej" name="Nej"/>
		    </input>	
			<input type="dropdown" id="termorude" displayname="Termoruder (vinduer med forseglede dobbelte ruder), der kan være fra perioden 1950-1977?:" urlparam="termorude" regexp=".+" validate="Vælg en værdi" onchange="handleDropDowns();">
				<option value="" name="Vælg"/>
                <option value="ja" name="Ja"/>
                <option value="nej" name="Nej"/>
		    </input>	
			<input type="dropdown" id="maling" displayname="Maling, der kan være fra perioden 1950-1977?:" urlparam="maling" regexp=".+" validate="Vælg en værdi" onchange="handleDropDowns();">
				<option value="" name="Vælg"/>
                <option value="ja" name="Ja"/>
                <option value="nej" name="Nej"/>
		    </input>	
			<input type="dropdown" id="gulv" displayname="Gulvmasse, der kan være fra perioden 1950-1977?:" urlparam="gulv" regexp=".+" validate="Vælg en værdi" onchange="handleDropDowns();">
				<option value="" name="Vælg"/>
                <option value="ja" name="Ja"/>
                <option value="nej" name="Nej"/>
		    </input>	
			<input type="dropdown" id="andet_materiale" displayname="Andre materialer, der mistænkes for at indeholde PCB? :" urlparam="andet_materiale" regexp=".+" validate="Vælg en værdi" onchange="handleDropDowns();">
				<option value="" name="Vælg"/>
                <option value="ja" name="Ja"/>
                <option value="nej" name="Nej"/>
		    </input>	
			<input type="input" id="andet_tekst" urlparam="andet_tekst" displayname="Materialer mistænkt for at indeholde PCB" regexp=".+" validate="Angiv detaljer" condition="jQuery('#andet_materiale').val() == 'ja'"/>
			<input type="file" id="rapport" urlparam="rapport" displayname="Vedhæft rapport" regexp=".+" validate="Vedhæft rapport" condition="jQuery('#addFile').val() == 'true'"/>
		</content>
		<content displayname="Kontaktoplysninger">
			<input type="input" id="bygherre_navn" displayname="Bygherrens navn" urlparam="bygherre_navn" regexp=".+" validate="Angiv navn" />
			<input type="input" id="adresse_bygherre" displayname="Bygherres adresse:" urlparam="adresse_bygherre" />
			<input type="input" id="bygherre_tlf" displayname="Bygherrens telefon" urlparam="bygherre_tlf" regexp=".+" validate="Angiv telefon" />
			<input type="input" id="email1" displayname="Bygherrens e-mail:" urlparam="email"   regexp=".+" validate="Indtast mailadresse!"/>
			<input type="text" displayname="Indtast e-mail igen, for at verificere:"/>
			<input type="input" id="email2" displayname="Bygherrens e-mail:" urlparam="email"   onkeyup="formular.compare('email1','email2','De to skal være ens')"  regexp=".+" validate="Gentag mailadresse!"/>
			
			<input type="checkbox" id="anmelder" displayname="Bygherrer er også anmelder" urlparam="anmelder" defaultvalue="false"  />
			
			<input type="input" id="anmelder_navn" displayname="Anmelders navn" urlparam="anmelder_navn" regexp=".+" validate="Angiv navn" condition="!jQuery('#anmelder').is(':checked')" />
			<geosearch id="adresse_anmelder" urlparam="adresse_anmelder" displayname="Søg adresse eller matrikeloplysninger:" resources="Adresser" filter="*" regexp=".+" validate="Angiv adresse" condition="!jQuery('#anmelder').is(':checked')"/>
			<input type="input" id="anmelder_tlf" displayname="Anmelders telefon" urlparam="anmelder_tlf" regexp=".+" validate="Angiv telefon" condition="!jQuery('#anmelder').is(':checked')" />
			<input type="input" id="email3" displayname="Anmelders e-mail:" urlparam="anmelder_email"   regexp=".+" validate="Indtast mailadresse!" condition="!jQuery('#anmelder').is(':checked')"/>
			<input type="text" displayname="Indtast e-mail igen, for at verificere:" condition="!jQuery('#anmelder').is(':checked')" />
			<input type="input" id="email4" displayname="Anmelders e-mail:" urlparam="anmelder_email"   onkeyup="formular.compare('email1','email2','De to skal være ens')"  regexp=".+" validate="Gentag mailadresse!" condition="!jQuery('#anmelder').is(':checked')"/>		
		</content>
   </formular>
</config>