<?xml version="1.0" encoding="UTF-8"?>
<pages>

	<page name="sbsys.midlertidig_overnat.create-case" contenttype="application/json" sessionrequired="true">
		<data handler="dk.septima.integration.sbsys.SbsysHandler" operation="create">
			<url-parameters>
				<url-parameter name="brugerid">sbsysdqid</url-parameter>
				<url-parameter name="statuskode" value="Created"/>
				<url-parameter name="beskyttet" value="0"/>										
				<url-parameter name="klenummer" value="14.12.19" />								
				<url-parameter name="facetnummer" value="G00"/>									
				<url-parameter name="titel">'Ansøgning om midlertidig overnatning - adr: ' + address + ' - dato:" + date1 </url-parameter>
				<url-parameter name="sagsbehandler" value="demo1"/>								
				<url-parameter name="oprettetdato" value="!now"/>								
				<url-parameter name="bortskaffelseskode" value="K"/>							
			</url-parameters>
		</data>
	</page>

	<page name="sbsys.midlertidig_overnat.journalNr" contenttype="application/json" sessionrequired="true">
		<data handler="dk.septima.integration.sbsys.SbsysHandler" operation="get">
			<url-parameters>
				<url-parameter name="brugerid"  value="dq10305" />
				<url-parameter name="sagsnummer">frid</url-parameter>
			</url-parameters>
		</data>		
	</page>
	<!--
	Denne del skabet selve PDF´en. Det er ligesom i gamledag, blot ligger den i en PAGE for sig selv
	-->
    <page name="formular.send.midlertidig_overnat.pdf" contenttype="application/json" sessionrequired="true" resultpassing="pass-all">
        <include src="[module:formular.dir]/pages/pages-includes.xml" nodes="/pages/page[@name='formular.send']/*" mustexist="true"/>
    </page>

	<!--
	Denne del gemmer i databasen. Det er ligesom i gamle dage, med en datasource - blot ligger den i en PAGE for sig selv
	-->
	<page name="formular.send.midlertidig_overnat.save" contenttype="application/json" sessionrequired="true">
		<data handler="datasource" operation="execute-command">
            <url-parameters>
                <url-parameter name="datasource" value="ds_formular_midlertidig_overnat"/>
                <url-parameter name="command" value="write"/>
            </url-parameters>
        </data>
    </page>
	
	<!--
	Denne del sender en mail. Det er ligesom i gamle dage - blot ligger den i en PAGE for sig selv. 
	Dette giver også mulighed for at sende flere mail til forskellige personer og med forskelligt indhold
	-->
	<page name="formular.send.midlertidig_overnat.mail.over" contenttype="application/json" sessionrequired="true">
        <data handler="datasource" operation="execute-command">
            <url-parameters>
                <url-parameter name="datasource" value="mailsender"/>
                <url-parameter name="command" value="sendmail"/>
                <url-parameter name="sendto_ref">frid</url-parameter>
                <url-parameter name="sendto_email">'to:'+email+',bcc:'+bsikmail</url-parameter>
                <url-parameter name="sendto_subject">'Ansøgning om midlertidig overnatning for ' + participents + ' personer. Ansvarlig: ' + ansvarlig + ', adr:' + address + ' - dato:' + date1+' - journal:' + journalnr</url-parameter>
                <url-parameter name="sendto_content">'Til '+ansvarlig+'
                
Tak for din ansøgning

Det vil høre fra os snarest.

Med venlig hilsen

Beredskab &amp; Sikkerhed
Randers-Favrskov-Djursland'</url-parameter>
                <!-- <url-parameter name="sendto_attached">'belægningsplan;[cbinfo.wwwroot.dir]/formular/upload/'+bilag+',kvittering.pdf;[cbinfo.wwwroot.dir]/formular/kvitteringer/'+formular+'_'+frid+'.pdf'</url-parameter> -->
            </url-parameters>
        </data>
    </page>

	<page name="formular.send.midlertidig_overnat.mail.under" contenttype="application/json" sessionrequired="true">
        <data handler="datasource" operation="execute-command">
            <url-parameters>
                <url-parameter name="datasource" value="mailsender"/>
                <url-parameter name="command" value="sendmail"/>
                <url-parameter name="sendto_ref">sessionid</url-parameter>
                <url-parameter name="sendto_email">'to:'+email+',bcc:'+bsikmail</url-parameter>
                <url-parameter name="sendto_subject">'Ansøgning om midlertidig overnatning for ' + participents + ' personer</url-parameter>
                <url-parameter name="sendto_content">'Til '+ansvarlig+'
                
Tak for din ansøgning om midlertidig overnatning.

Du skal ikke foretage dig yderligere

Med venlig hilsen

Beredskab &amp; Sikkerhed
Randers-Favrskov-Djursland'</url-parameter>
                <!-- <url-parameter name="sendto_attached">filnavn+';[cbinfo.wwwroot.dir]/formular/upload/'+filnavn+',kvittering.pdf;[cbinfo.wwwroot.dir]/formular/kvitteringer/'+formular+'_'+sessionid+'.pdf'</url-parameter> -->
            </url-parameters>
        </data>
    </page>

	<page name="sbsys.midlertidig_overnat.attach-document" contenttype="application/json" sessionrequired="true">
		<data handler="dk.septima.integration.sbsys.SbsysHandler" operation="attach">
			<url-parameters>
				<url-parameter name="brugerid" value="DQ16332" />
				<url-parameter name="type" value="InternalDocument"/>
				<url-parameter name="titel" value="Ansøgning om midlertidig overnatning" />
				<url-parameter name="journalbeskrivelse" value="i kabinetskab"/>				
				<url-parameter name="oprettetdato" value="!now"/>								
				<url-parameter name="oprettetaf" value="demo1"/>								
				<url-parameter name="filsti">'[module.formular.pdf.dir]/'+formular+'_'+frid+'.pdf'</url-parameter> 
				<url-parameter name="sagsnummer">frid</url-parameter>			
			</url-parameters>
		</data>
	</page>

	<page name="sbsys.midlertidig_overnat.attach-document.plan" contenttype="application/json" sessionrequired="true">
		<data handler="dk.septima.integration.sbsys.SbsysHandler" operation="attach">
			<url-parameters>
				<url-parameter name="brugerid" value="DQ16332" />
				<url-parameter name="type" value="InternalDocument"/>
				<url-parameter name="titel">'Belægningsplan'</url-parameter>
				<url-parameter name="journalbeskrivelse" value="i kabinetskab"/>				
				<url-parameter name="oprettetdato" value="!now"/>								
				<url-parameter name="oprettetaf" value="demo1"/>								
				<url-parameter name="filsti">'[module.formular.upload.dir]/'+bilag</url-parameter> 
				<url-parameter name="sagsnummer">frid</url-parameter>			
			</url-parameters>
		</data>
	</page>




<!--                           Gammel                                 -->

    <page name="formular.send.midlertidig_overnat.oldfashion" contenttype="text/xml" resultpassing="pass-all">
        <data handler="datasource" operation="execute-command">
            <url-parameters>
                <url-parameter name="datasource" value="ds_formular_midlertidig_overnat"/>
                <url-parameter name="command" value="write"/>
            </url-parameters>
        </data>
        <data handler="datasource" operation="execute-command">
            <url-parameters>
                <url-parameter name="datasource" value="mailsender"/>
                <url-parameter name="command" value="sendmail"/>
                <url-parameter name="sendto_ref">sessionid</url-parameter>
                <url-parameter name="sendto_email">'to:'+email+',bcc:beredskab@randers.dk'</url-parameter>
                <url-parameter name="sendto_subject">'Indberetning overnatning'</url-parameter>
                <url-parameter name="sendto_content">'Til '+ansvarlig+'
Tak for din ansøgning om midlertidig overnatning.

Du vil modtage din tilladelse på den mailadresse, du har opgivet til os.
Tilladelsen skal printes ud og medbringes ved overnatningen, da den skal kunne fremvises til brandmyndigheden ved et evt. kontrolbesøg.

For at være klar over dit ansvar, skal du gennemlæse regelsættet for midlertidig overnatning, som du kan finde her: http://67vb.simatech.4dim.dk:81/randers/Custom/Randers/Conditions.htm

// denne flyttes til 150 + telt formularene: Randers Brandvæsen foretager brandsyn umiddelbart bør arrangements start,
Med venlig hilsen
                
Randers Brandvæsen
Randers Kommune'</url-parameter>
                <url-parameter name="sendto_ref">sessionid</url-parameter>
               <url-parameter name="sendto_attached">bilag+';[cbinfo.wwwroot.dir]/formular/upload/'+bilag+',kvittering.pdf;[cbinfo.wwwroot.dir]/formular/kvitteringer/'+formular+'_'+sessionid+'.pdf'</url-parameter>
            </url-parameters> 
        </data>
         
        <include src="[module:formular.dir]/pages/pages-includes.xml" nodes="/pages/page[@name='formular.send']/*" mustexist="true"/>
    </page>
</pages>