<?xml version="1.0" encoding="ISO-8859-1"?>
<theme>
    <clientlayers>
      <clientlayer>
        <singletile>true</singletile>
      </clientlayer>
    </clientlayers>
    <layer datasource="ds_formular_forurenende_aktiviteter" name="Forurenende aktiviteter" downloadable="true" type="polygon">[datasource:ds_formular_forurenende_aktiviteter.mapfile-datasource]
        <class>
            <style>
				<color>255 0 0</color>
				<outlinecolor>255 0 0</outlinecolor>
				<width>3</width>
            </style>
            <name>Forurenende aktiviteter</name>
        </class>
        <transparency>50</transparency>
    </layer>
</theme>
