<?xml version="1.0" encoding="UTF-8"?>
<pages>
	<page name="sbsys.jordvarmeanlaeg.create-case" contenttype="application/json" sessionrequired="true">
		<data handler="dk.septima.integration.sbsys.SbsysHandler" operation="create">
			<url-parameters>
				<url-parameter name="brugerid">sbsys_brugerid</url-parameter>
				<url-parameter name="statuskode" value="Created"/>
				<url-parameter name="beskyttet" value="0"/>										
				<url-parameter name="klenummer" value="09.08.26" />								
				<url-parameter name="facetnummer" value="P19"/>									
				<url-parameter name="titel">doktitel +' ' + address + ' jordvarme'</url-parameter>
				<url-parameter name="sagsbehandler" value="demo1"/>								
				<url-parameter name="oprettetdato" value="!now"/>								
				<url-parameter name="bortskaffelseskode" value="K"/>							
			</url-parameters>
		</data>
	</page>

	<page name="sbsys.jordvarmeanlaeg.journalNr" contenttype="application/json" >
		<data handler="dk.septima.integration.sbsys.SbsysHandler" operation="get">
			<url-parameters>
				<url-parameter name="brugerid">sbsys_brugerid</url-parameter>
				<url-parameter name="sagsnummer">frid</url-parameter>
			</url-parameters>
		</data>		
	</page>

    <page name="formular.send.jordvarmeanlaeg.pdf" contenttype="application/json" sessionrequired="true" resultpassing="pass-all">
        <include src="[module:formular.dir]/pages/pages-includes.xml" nodes="/pages/page[@name='formular.send']/*" mustexist="true"/>
    </page>

	<page name="formular.send.jordvarmeanlaeg.save" contenttype="application/json" sessionrequired="true">
		<data handler="datasource" operation="execute-command">
            <url-parameters>
                <url-parameter name="datasource" value="ds_formular_jordvarmeanlaeg"/>
                <url-parameter name="command" value="write"/>
            </url-parameters>
        </data>
    </page>
	
	<page name="formular.send.jordvarmeanlaeg.mail" contenttype="application/json" sessionrequired="true">
        <data handler="datasource" operation="execute-command">
            <url-parameters>
                <url-parameter name="datasource" value="mailsender"/>
                <url-parameter name="command" value="sendmail"/>
                <url-parameter name="sendto_ref">frid</url-parameter>
                <url-parameter name="sendto_email">'to:'+email+',bcc:per.eriksen@randers.dk'</url-parameter>
                <url-parameter name="sendto_subject">'Ansøgning om tilladelse til etablering af jordvarmeanlæg'</url-parameter>
                <url-parameter name="sendto_content">'Til '+navn+'
                
                Tak for din henvendelse.
                
                Du kan under normale omstændigheder forvente svar indenfor 4 uger, ellers hører du nærmere. 
                
                
                Venlig hilsen
                
                Per Eriksen
                Randers Kommune'</url-parameter>
                <url-parameter name="sendto_attached">'kvittering.pdf;[cbinfo.wwwroot.dir]/formular/kvitteringer/'+formular+'_'+frid+'.pdf'</url-parameter>
            </url-parameters>
        </data>
    </page>

	<page name="formular.send.jordvarmeanlaeg.mail.demo" contenttype="application/json" sessionrequired="true">
        <data handler="datasource" operation="execute-command">
            <url-parameters>
                <url-parameter name="datasource" value="mailsender"/>
                <url-parameter name="command" value="sendmail"/>
                <url-parameter name="sendto_ref">frid</url-parameter>
                <url-parameter name="sendto_email">'to:'+email</url-parameter>
                <url-parameter name="sendto_subject">'Ansøgning om tilladelse til etablering af jordvarmeanlæg'</url-parameter>
                <url-parameter name="sendto_content">'Til '+navn+'
                
                Tak for din henvendelse.
                
                Du kan under normale omstændigheder forvente svar indenfor 4 uger, ellers hører du nærmere. 
                
                
                Venlig hilsen
                
                Per Eriksen
                Randers Kommune'</url-parameter>
                <url-parameter name="sendto_attached">'kvittering.pdf;[cbinfo.wwwroot.dir]/formular/kvitteringer/'+formular+'_'+frid+'.pdf'</url-parameter>
            </url-parameters>
        </data>
    </page>

	<page name="sbsys.jordvarmeanlaeg.attach-document" contenttype="application/json" sessionrequired="true">
		<data handler="dk.septima.integration.sbsys.SbsysHandler" operation="attach">
			<url-parameters>
				<url-parameter name="brugerid">sbsys_brugerid</url-parameter>
				<url-parameter name="type" value="InternalDocument"/>
				<url-parameter name="titel">'Ansøgning'</url-parameter>
				<url-parameter name="journalbeskrivelse" value="i kabinetskab"/>				
				<url-parameter name="oprettetdato" value="!now"/>								
				<url-parameter name="oprettetaf" value="demo1"/>								
				<url-parameter name="filsti">'[module.formular.pdf.dir]/'+formular+'_'+frid+'.pdf'</url-parameter> 
				<url-parameter name="sagsnummer">frid</url-parameter>			
			</url-parameters>
		</data>
	</page>

<!-- 
    <page name="formular.send.jordvarmeanlaeg.oldfashion" contenttype="text/xml" resultpassing="pass-all">
        <data handler="datasource" operation="execute-command">
            <url-parameters>
                <url-parameter name="datasource" value="ds_formular_jordvarmeanlaeg"/>
                <url-parameter name="command" value="write"/>
            </url-parameters>
        </data>      
        <data handler="datasource" operation="execute-command">
            <url-parameters>
                <url-parameter name="datasource" value="mailsender"/>
                <url-parameter name="command" value="sendmail"/>
                <url-parameter name="sendto_ref">sessionid</url-parameter>
                <url-parameter name="sendto_email">'to:'+email+',bcc:per.eriksen@randers.dk'</url-parameter>
                <url-parameter name="sendto_subject">'Ansøgning om tilladelse til etablering af jordvarmeanlæg'</url-parameter>
                <url-parameter name="sendto_content">'Til '+navn+'
                
                Tak for din henvendelse.
                
                Du kan under normale omstændigheder forvente svar indenfor 14 dage, ellers hører du nærmere. 
                
                
                Venlig hilsen
                
                Per Eriksen
                Randers Kommune'</url-parameter>
                <url-parameter name="sendto_ref">sessionid</url-parameter>
                <url-parameter name="sendto_attached">'kvittering.pdf;[cbinfo.wwwroot.dir]/formular/kvitteringer/'+formular+'_'+sessionid+'.pdf'</url-parameter>
            </url-parameters>
        </data>        
        <include src="[module:formular.dir]/pages/pages-includes.xml" nodes="/pages/page[@name='formular.send']/*" mustexist="true"/>
    </page>
 -->
</pages>