<?xml version="1.0" encoding="UTF-8"?>
<pages>
    
	<page name="sbsys.sloejfning_olietank.create-case" contenttype="application/json" sessionrequired="true">
		<data handler="dk.septima.integration.sbsys.SbsysHandler" operation="create">
			<url-parameters>
				<url-parameter name="brugerid">sbsys_brugerid</url-parameter>
				<url-parameter name="statuskode" value="Created"/>
				<url-parameter name="beskyttet" value="0"/>										
				<url-parameter name="klenummer" value="09.08.30" />								
				<url-parameter name="facetnummer" value="K08"/>									
				<url-parameter name="titel">'Olietank ' + address + ' sløjning'</url-parameter>
				<url-parameter name="sagsbehandler" value="demo1"/>								
				<url-parameter name="oprettetdato" value="!now"/>								
				<url-parameter name="bortskaffelseskode" value="K"/>							
			</url-parameters>
		</data>
	</page>

    <page name="formular.send.sloejfning_olietank.pdf" contenttype="application/json" sessionrequired="true" resultpassing="pass-all">
        <include src="[module:formular.dir]/pages/pages-includes.xml" nodes="/pages/page[@name='formular.send']/*" mustexist="true"/>
    </page>

	<page name="formular.send.sloejfning_olietank.save" contenttype="application/json" sessionrequired="true">
		<data handler="datasource" operation="execute-command">
            <url-parameters>
                <url-parameter name="datasource" value="ds_formular_sloejfning_olietank"/>
                <url-parameter name="command" value="write"/>
            </url-parameters>
        </data>
    </page>
	
	<page name="formular.send.sloejfning_olietank.mail" contenttype="application/json" sessionrequired="true">
        <data handler="datasource" operation="execute-command">
            <url-parameters>
                <url-parameter name="datasource" value="mailsender"/>
                <url-parameter name="command" value="sendmail"/>
                <url-parameter name="sendto_ref">frid</url-parameter>
                <url-parameter name="sendto_email">'to:'+email+',bcc:miljoe@randers.dk'</url-parameter>
                <url-parameter name="sendto_subject">'Erklæring om sløjfning af olietank under 6000 l'</url-parameter>
                <url-parameter name="sendto_content">'Til '+navn+'
                
                Tak for din henvendelse.
                
                Dine oplysninger vil nu blive opdateret i BBR.
                
                
                Venlig hilsen
                
                Natur og Miljø
                Randers Kommune'</url-parameter>
                <url-parameter name="sendto_attached">'kvittering.pdf;[cbinfo.wwwroot.dir]/formular/kvitteringer/'+formular+'_'+frid+'.pdf'</url-parameter>
            </url-parameters>
        </data>
    </page>

	<page name="sbsys.sloejfning_olietank.attach-document" contenttype="application/json" sessionrequired="true">
		<data handler="dk.septima.integration.sbsys.SbsysHandler" operation="attach">
			<url-parameters>
				<url-parameter name="brugerid">sbsys_brugerid</url-parameter>
				<url-parameter name="type" value="InternalDocument"/>
				<url-parameter name="titel">doktitel</url-parameter>
				<url-parameter name="journalbeskrivelse" value="i kabinetskab"/>				
				<url-parameter name="oprettetdato" value="!now"/>								
				<url-parameter name="oprettetaf" value="demo1"/>								
				<url-parameter name="filsti">'[module.formular.pdf.dir]/'+formular+'_'+frid+'.pdf'</url-parameter> 
				<url-parameter name="sagsnummer">frid</url-parameter>			
			</url-parameters>
		</data>
	</page>

	
	
	<page name="formular.send.sloejfning_olietank.oldfashion" contenttype="text/xml" resultpassing="pass-all">
          <data handler="datasource" operation="execute-command">
            <url-parameters>
                <url-parameter name="datasource" value="ds_formular_sloejfning_olietank"/>
                <url-parameter name="command" value="write"/>
            </url-parameters>
        </data> 
        <data handler="datasource" operation="execute-command">
            <url-parameters>
                <url-parameter name="datasource" value="mailsender"/>
                <url-parameter name="command" value="sendmail"/>
                <url-parameter name="sendto_ref">sessionid</url-parameter>
                <url-parameter name="sendto_email">'to:'+email+',bcc:miljoe@randers.dk'</url-parameter>
                <url-parameter name="sendto_subject">'Erklæring om sløjfning af olietank under 6000 l'</url-parameter>
                <url-parameter name="sendto_content">'Til '+navn+'
                
                Tak for din henvendelse.
                
                Dine oplysninger vil nu blive opdateret i BBR.
                
                
                Venlig hilsen
                
                Natur og Miljø
                Randers Kommune'</url-parameter>
                <url-parameter name="sendto_ref">sessionid</url-parameter>
                <url-parameter name="sendto_attached">'kvittering.pdf;[cbinfo.wwwroot.dir]/formular/kvitteringer/'+formular+'_'+sessionid+'.pdf'</url-parameter>
            </url-parameters>
        </data>
         
        <include src="[module:formular.dir]/pages/pages-includes.xml" nodes="/pages/page[@name='formular.send']/*" mustexist="true"/>
    </page>
</pages>