<?xml version="1.0" encoding="UTF-8"?>
<config>
    <formular name="midlertidig_overnatning">
        <header>Midlertidig overnatning</header>
        
        <subheader>Lovgivning: Bekendtgørelse nr. 212 af 27. marts 2008 om driftsmæssige forskrifter for hoteller m.v., plejeinstitutioner,
forsamlingslokaler, undervisningslokaler, daginstitutioner og butikker.
</subheader>

        <!-- <help displayname="Hjælp"><![CDATA[<b>Hjælp</b><br/>Her står der hvordan du kan bruge siden. Man kan skrive HTML ind i hjælpeteksten. Det kunne også være billeder og <a href="http://spatialmap.com">links</a>]]></help> -->
        <!-- <submitpage>formular.send.midlertidig_overnat.oldfashion</submitpage> -->
        
		<submitpages>
			<page condition="jQuery('#participents').val() &gt; 150" parser="setFrid">sbsys.midlertidig_overnat.create-case</page>
			<page condition="jQuery('#participents').val() &gt; 150" parser="setFrid" urlparam="journalnr">sbsys.midlertidig_overnat.journalNr</page>
			<page>formular.send.midlertidig_overnat.save</page>
			<page parser="setPdf">formular.send.midlertidig_overnat.pdf</page>
            <!-- Denne del (move) er general - den skal der ikke pilles ved -->
			<page>formular.move.pdf</page>
            <page condition="jQuery('#participents').val() &gt; 150">sbsys.midlertidig_overnat.attach-document</page>
			<page condition="jQuery('#participents').val() &gt; 150">sbsys.midlertidig_overnat.attach-document.plan</page>
			<page condition="jQuery('#participents').val() &gt; 150">formular.send.midlertidig_overnat.mail.over</page>
			<page condition="jQuery('#participents').val() &lt;= 150">formular.send.midlertidig_overnat.mail.under</page>
        </submitpages>
        
        <!-- <reportmapscale>1000</reportmapscale> -->
        <reportprofile>beredskab_formular</reportprofile>
        <reportlayers>default</reportlayers>
	   	<js>/js/custom/midlertidig_overnatning.js</js>
        <reportxsl>midlertidig_overnat</reportxsl>
        <content>
            
			<input type="hidden" id="dagsdato" urlparam="dagsdato" defaultvalue="-" />
			<input type="hidden" id="bsikmail" urlparam="bsikmail" defaultvalue="omrvest@bsik.dk" />
			<input type="hidden" id="sbsysdqid" urlparam="sbsysdqid" defaultvalue="DQ16332" />
			<input type="hidden" id="participents" urlparam="participents" defaultvalue="0" />
            <geosearch urlparam="address" displayname="Adresse:" resources="Adresser" filter="muncode0730,muncode0706,muncode0710,muncode0707" usegeometry="true" regexp="[a-zæøå]" validate="Det skal være indtastet en adresse!"/>
            <input type="text" displayname=" "/>
            <input type="text" displayname="Klik på dette ikon og marker en eller flerer bygninger i kortet:"/>
            <maptools>
                           <maptool name="point"/>
						   <maptool name="delete"/>
            </maptools>
            <map multiplegeometries="false" required="true" >
                <extent>539430.4,6237856,591859.2,6290284.8</extent>
                <resolutions>0.2,0.4,0.8,1.6,3.2,6.4,12.8,25.6,51.2,102.4</resolutions>
                <themes>
                    <theme name="theme-gst-dtkskaerm-sh" host="/wms?servicename=beredskab"/>
                </themes>
            </map>
 <!--           <area urlparam="areal" displayname="Areal:"/> -->
            <input type="input" displayname="Stedets navn:" urlparam="stedetsnavn" regexp=".+" validate="Stedetsnavn!"/>
            <input id="date1" type="date" displayname="Start dato:" urlparam="date1" onkeyup="formular.countDays(jQuery('#date1').val(),jQuery('#date2').val(),'days')" onchange="formular.setDatepickerLimit('date2',{start: jQuery('#date1').val()});formular.countDays(jQuery('#date1').val(),jQuery('#date2').val(),'days');" regexp="[0-3][0-9]\.[0-1][0-9]\.[2][0][0-1][0-9]" validate="Vælg en dato!"/>
            <input id="date2" type="date" displayname="Slut dato:" urlparam="date2" onkeyup="formular.countDays(jQuery('#date1').val(),jQuery('#date2').val(),'days')" onchange="formular.setDatepickerLimit('date1',{end: jQuery('#date2').val()});formular.countDays(jQuery('#date1').val(),jQuery('#date2').val(),'days');" regexp="[0-3][0-9]\.[0-1][0-9]\.[2][0][0-1][0-9]" validate="Vælg en dato!"/>
            <input id="days" type="input" displayname="Antal dage:" urlparam="antal_dage" onchange="formular.countDays(jQuery('#date1').val(),jQuery('#date2').val(),'days');"/>   
            <input type="input" displayname="Start kl.:" urlparam="startkl" regexp=".+" validate="Start kl.!"/>
            <input type="input" displayname="Slut kl.:" urlparam="slutkl" regexp=".+" validate="Slut kl.!"/>
            <input type="input" displayname="Lokale/lokale nr.:" urlparam="lokale" regexp=".+" validate="Lokale/lokale nr.!"/>
            <input type="dropdown" displayname="Er overnatningslokalet større end 75m2:" urlparam="overnatningslokalet" regexp=".+">
                <option value="  " name="VÆLG"/>
                <option value="Ja" name="Ja"/>
                <option value="Nej" name="Nej"/>
            </input>
            <input type="dropdown" id="kommune" displayname="Hvilken kommune:" urlparam="kommune" regexp=".+" onchange="setMail();">
                <option value=" " name="VÆLG"/>
                <option value="randers" name="Randers"/>
                <option value="favrskov" name="Favrskov"/>
				<option value="norddjurs" name="Norddjurs"/>
				<option value="syddjurs" name="Syddjurs"/>
            </input>
            <input type="input" id="antalvoksne" displayname="Antal voksne:" urlparam="antalvoksne" regexp="^[0-9]{0,3}$" validate="Antal voksne!" onkeyup="calcParticipents();"/>
            <input type="input" id="antalboern" displayname="Antal børn:" urlparam="antalboern" regexp="^[0-9]{0,3}$" validate="Antal børn!" onkeyup="calcParticipents();"/>
            <input type="input" displayname="Navn på ansvarlig:" urlparam="ansvarlig" regexp=".+" validate="Ansvarlig!"/>
            <input type="input" displayname="Mobil nr. til ansvarlig:" urlparam="ansvarligmobilnr" regexp="^[0-9]{8}$" validate="Ansvarlig mobil nr.!"/>
            <input type="input" displayname="E-mail:" id="email1" urlparam="email" regexp="[a-z0-9!#$%'*+/=?^_`{|}~-]+(?:\.[a-z0-9!#$%'*+/=?^_`{|}~-]+)*@(?:[a-z0-9](?:[a-z0-9-]*[a-z0-9])?\.)+[a-z0-9](?:[a-z0-9-]*[a-z0-9])?" validate="Indtast mailadresse!"/> 
            <input type="text"  displayname="Indtast e-mail igen, for at verificere:"/>
            <input type="input" displayname="E-mail:" id="email2" urlparam="email" onkeyup="formular.compare('email1','email2','De to skal være ens')"  regexp=".+" validate="Gentag mailadresse!"/>
            <input type="file"  displayname="Der skal vedhæftes belægningsplan." urlparam="bilag" regexp=".+" validate="bilag!" condition="jQuery('#participents').val() &gt; 150"/> 

            <input type="text"  displayname="Jeg erklærer på tro og love at jeg er bekendt med regler for midlertig overnatning jf. Driftmæssige Forskrifter samt at kravene i ovennævnte forskrifter efterleves.&lt;br&gt; Der opsættes røgalarmer i de enkelte  lokaler, der anvendes til overnatning  (der skal forud for en hver overnatning foretages afprøvning af røgalarmerne, medmindre de er tilsluttet 230 volt med batteribackup).&lt;br&gt; I bygninger der indrettes med soverpladser til 150 personer eller flere skal være en fast vågen vagt som skal foretage runderinger."/>

        <!--    <input type="checkbox" displayname="Jeg accepterer krav og betingelser:" urlparam="accepterer" regexp=".+" validate="Jeg accepterer krav og betingelser!" defaultvalue="false" />-->
			<input id="regexPaaCheckbox" type="checkbox" displayname="Jeg accepterer krav og betingelser:" urlparam="accepterer" regexp="true" validate=" " defaultvalue="false" onchange="calcParticipents();"/>
            <confirm displayname="Følgende oplysninger er indtastet. Er det korrekt?"/>
        <submitbutton displayname="Opret endnu en indberetning" function="formular.start();"/>
        </content>
    </formular>

</config>
