<?xml version="1.0" encoding="UTF-8"?>
<datasources>
    <endpoint endpointtype="postgis" name="mailsender">
        <connect>webgisdb02.randers.dk:5432/gistest</connect>
        <user>indberetningsmailer</user>
        <pwd>indberetningsmailer</pwd>
        <srid>25832</srid>
        <table geometrycolumn="the_geom" pkcolumn="ogc_fid"/>
    </endpoint>
    <datasource displayname="Erklæring om sløjfning af olietank" endpoint="selvbetjening" name="ds_formular_sloejfning_olietank">
        <sql command="write">insert into formular_sloejfning_olietank(formular, ref, address, placering, anvendelse, Andenanvendelse, erklaering, opvarmning, andenopvarmning, tankstoerelse, fabrikatsaar, fabrikat, sloejfningsdato, navn, email, tlf, wkb_geometry) values([string: formular],[string: sessionid],[string: if isDefined(address) then address else "Ikke oplyst" endif],[string: placering],[string: anvendelse],[string: if isDefined(andenanvendelse) then andenanvendelse else "Ikke oplyst" endif],[string: erklaering],[string: opvarmning],[string: if isDefined(andenopvarmning) then andenopvarmning else "Ikke oplyst" endif],[number: ToNumber(tankstoerelse)],[number: if isDefined(fabrikatsaar) then ToNumber(fabrikatsaar) else 0 endif],[string: fabrikat],[string: if isDefined(sloejfningsdato) then sloejfningsdato else "Ikke oplyst" endif],[string: navn],[string: if isDefined(email) then email else "Ikke oplyst" endif],[string: if isDefined(tlf) then tlf else "Ikke oplyst" endif],[geometry: ToGeometry(wkt)])</sql>
        <table geometrycolumn="wkb_geometry" name="formular_sloejfning_olietank" pkcolumn="ogc_fid"/>
    </datasource>
</datasources>
