<?xml version="1.0" encoding="UTF-8"?>
<spatialqueries>

    <spatialquery name="formular-wkt-proxy-ds_bygning_fot">
        <options method="common-interior-point" maxresult="100"/>
        <selector>
            <spatialquery>
                <options method="common-interior-point" maxresult="100"/>
                <selector>
					<wkt>wkt</wkt>
                </selector>
                <target>
                    <datasource name="ds_bygning_fot"/>
                </target>
            </spatialquery>
        </selector>
    </spatialquery>
    <spatialquery name="formular-wkt-proxy-ds_graesning">
        <options method="common-interior-point" maxresult="100"/>
        <selector>
            <spatialquery>
                <options method="common-interior-point" maxresult="100"/>
                <selector>
					<wkt>wkt</wkt>
                </selector>
                <target>
                    <datasource name="ds_graesningsforhold"/>
                </target>
            </spatialquery>
        </selector>
    </spatialquery>

</spatialqueries>
