<?xml version="1.0" encoding="UTF-8"?>
<spatialqueries>

    <targetset name="maalsaet_vandloeb">
        <target
            extentbuffer="10"
            method="isWithinDistance(target.shape_wkt, selector.shape_wkt, 10)"
            name="maalsaet_vandloeb"
            presentation="[module:formular-randers.dir]/presentations/pres-maalsaet_vandloeb.xml"
            displayname="Vandløbsmålsætning">
            <datasource name="ds_rp_maalsaet_vandloeb"/>
        </target>
    </targetset>
    <targetset name="vandloebsnavne">
        <target
            extentbuffer="10"
            method="isWithinDistance(target.shape_wkt, selector.shape_wkt, 10)"
            name="vandloebsnavne"
            presentation="[module:formular-randers.dir]/presentations/pres-vandloebsnavne.xml"
            displayname="Vandløbsnavn">
            <datasource name="ds_vandloebsnavne"/>
        </target>
    </targetset>
    <targetset name="centerring">
        <target
            name="centerring" presentation="[module:formular-randers.dir]/presentations/pres-centerring.xml" displayname="Centerring">
            <datasource name="ds_centerring"/>
        </target>
    </targetset>
	<targetset name="centerring_udenfor">
        <!-- Gammel - problemer med disjoint, når vi kom for langt fra centerringens kant (udenfor selvf.)
		<target
			method="Disjoint(target.shape_wkt, selector.shape_wkt)"
            name="centerring_udenfor" presentation="[module:formular-randers.dir]/presentations/pres-centerring.xml" displayname="Udenfor Centerring">
            <datasource name="ds_centerring"/>
        </target>
		-->
		<target
            name="centerring_udenfor" presentation="[module:formular-randers.dir]/presentations/pres-centerring.xml" displayname="Centerring">
            <datasource name="ds_kommunegraense_uden_centerring"/>
        </target>

    </targetset>

	<targetset name="adresser">
        <target
            name="Adresser" presentation="[module:formular-randers.dir]/presentations/pres-adresser.xml" displayname="Adresser">
            <datasource name="ds_adresser_89"/>
        </target>
    </targetset>
    
	<targetset name="adresser_begraenset">
        <target
					method="if Lower(GeometryType(selector.shape_wkt)) like '%polygon' then
                        PolygonOverlap (selector.shape_wkt, target.shape_wkt) > 1
                     else
                        CommonInteriorPoint (selector.shape_wkt, target.shape_wkt)
                     endif"

            name="Adresser" presentation="[module:formular-randers.dir]/presentations/pres-adresser.xml" displayname="Adresser">
            <datasource name="ds_adresser_89"/>
        </target>
    </targetset>
	<targetset name="adresser_nybbr">
        <target
            extentbuffer="0"
            method="isWithinDistance(target.shape_wkt, selector.shape_wkt, 1)"

            name="Adresser (bbr)" presentation="[module:formular-randers.dir]/presentations/pres-adresser_bbr.xml" displayname="Adresser">
            <datasource name="ds_nybbr_adgadrgeoview"/>
        </target>
    </targetset>
	
	
    
	<targetset name="formular_faerdig_nedsivning">
        <target
					method="if Lower(GeometryType(selector.shape_wkt)) like '%polygon' then
                        PolygonOverlap (selector.shape_wkt, target.shape_wkt) > 1
                     else
                        CommonInteriorPoint (selector.shape_wkt, target.shape_wkt)
                     endif"

            name="Færdigmelding af nedsivningsanlæg" presentation="[module:formular-randers.dir]/presentations/pres_formular_faerdig_nedsivning.xml" displayname="Færdigmelding af nedsivningsanlæg">
            <datasource name="ds_formular_etabler_nedsivningsanlaeg"/>
        </target>
    </targetset>

    <targetset name="ejendom">
        <target
            name="jordstykke" presentation="[module:formular-randers.dir]/presentations/pres_jordstykke.xml" displayname="Matrikler" >
            <datasource name="ds_jordstykke"/>
        </target>
    </targetset>
    <targetset name="ejendom_lejemaal">
        <target
					method="if Lower(GeometryType(selector.shape_wkt)) like '%polygon' then
                        PolygonOverlap (selector.shape_wkt, target.shape_wkt) > 1
                     else
                        CommonInteriorPoint (selector.shape_wkt, target.shape_wkt)
                     endif"

            name="jordstykke" presentation="[module:formular-randers.dir]/presentations/pres_jordstykke.xml" displayname="Matrikler">
            <datasource name="ds_jordstykke"/>
        </target>
    </targetset>
    <targetset name="ejendom_lejemaal_lza">
        <target
					method="if Lower(GeometryType(selector.shape_wkt)) like '%polygon' then
                        PolygonOverlap (selector.shape_wkt, target.shape_wkt) > 1
                     else
                        CommonInteriorPoint (selector.shape_wkt, target.shape_wkt)
                     endif"

            name="jordstykke" presentation="[module:formular-randers.dir]/presentations/pres_jordstykke_lza.xml" displayname="Matrikler">
            <datasource name="ds_jordstykke"/>
        </target>
    </targetset>
	  <targetset name="ejendom_lejemaal_lza_sogn">
        <target
					method="if Lower(GeometryType(selector.shape_wkt)) like '%polygon' then
                        PolygonOverlap (selector.shape_wkt, target.shape_wkt) > 1
                     else
                        CommonInteriorPoint (selector.shape_wkt, target.shape_wkt)
                     endif"

            name="jordstykke" presentation="[module:formular-randers.dir]/presentations/pres_jordstykke_lza_sogn.xml" displayname="Matrikler">
            <datasource name="ds_jordstykke"/>
        </target>
    </targetset>
    <targetset name="ejendom_udvidet">
        <target
					method="if Lower(GeometryType(selector.shape_wkt)) like '%polygon' then
                        PolygonOverlap (selector.shape_wkt, target.shape_wkt) > 1
                     else
                        CommonInteriorPoint (selector.shape_wkt, target.shape_wkt)
                     endif"

            name="jordstykke" presentation="[module:formular-randers.dir]/presentations/pres_jordstykke_udvidet.xml" displayname="Matrikler">
            <datasource name="ds_jordstykke"/>
        </target>
    </targetset>
    <targetset name="ejendom_matrikelnumre">
        <target
					method="if Lower(GeometryType(selector.shape_wkt)) like '%polygon' then
                        PolygonOverlap (selector.shape_wkt, target.shape_wkt) > 1
                     else
                        CommonInteriorPoint (selector.shape_wkt, target.shape_wkt)
                     endif"

            name="jordstykke" presentation="[module:formular-randers.dir]/presentations/pres_jordstykke_matrikelnumre.xml" displayname="Matrikler">
            <datasource name="ds_jordstykke"/>
        </target>
    </targetset>

    <targetset name="ejendomalleejer">
        <target
            name="jordstykke_alleejer" presentation="[module:formular-randers.dir]/presentations/pres_jordstykke_hovedejer.xml" displayname="Matrikler - hovedejer">
            <datasource name="ds_v_jordstykke_alleejer"/>
        </target>
    </targetset>
    <targetset name="ejendomalleejer_reduceret">
        <target
					method="if Lower(GeometryType(selector.shape_wkt)) like '%polygon' then
                        PolygonOverlap (selector.shape_wkt, target.shape_wkt) > 1
                     else
                        CommonInteriorPoint (selector.shape_wkt, target.shape_wkt)
                     endif"

            name="jordstykke_alleejer" presentation="[module:formular-randers.dir]/presentations/pres_jordstykke_hovedejer.xml" displayname="Matrikler - hovedejer">
            <datasource name="ds_v_jordstykke_alleejer"/>
        </target>
    </targetset>

    <targetset name="ejendomhovedejer">
        <target
            name="jordstykke_hovedejer" presentation="[module:formular-randers.dir]/presentations/pres_jordstykke_hovedejer.xml" displayname="Matrikler - hovedejer">
            <datasource name="ds_v_jordstykke_hovedejer"/>
        </target>
    </targetset>
    <targetset name="ejendomhovedejer_adresse">
        <target
            name="jordstykke_hovedejer_adr" presentation="[module:formular-randers.dir]/presentations/pres_jordstykke_adresse.xml" displayname="Matrikler - hovedejers adresse">
            <datasource name="ds_v_jordstykke_hovedejer"/>
        </target>
    </targetset>

    <targetset name="ejendomhovedejer_adresse_begraenset">
        <target
					method="if Lower(GeometryType(selector.shape_wkt)) like '%polygon' then
                        PolygonOverlap (selector.shape_wkt, target.shape_wkt) > 1
                     else
                        CommonInteriorPoint (selector.shape_wkt, target.shape_wkt)
                     endif"

            name="jordstykke_hovedejer_adr" presentation="[module:formular-randers.dir]/presentations/pres_jordstykke_adresse_ejer.xml" displayname="Matrikler - hovedejers adresse">
            <datasource name="ds_v_jordstykke_hovedejer"/>
        </target>
    </targetset>

    <targetset name="adresse_via_matrikel_begraenset">
        <target
					method="if Lower(GeometryType(selector.shape_wkt)) like '%polygon' then
                        PolygonOverlap (selector.shape_wkt, target.shape_wkt) > 1
                     else
                        CommonInteriorPoint (selector.shape_wkt, target.shape_wkt)
                     endif"

            name="jordstykke_hovedejer_adr" presentation="[module:formular-randers.dir]/presentations/pres_jordstykke_adresse_via_matrikel.xml" displayname="Matrikler - adresse">
            <datasource name="ds_v_jordstykke_hovedejer"/>
        </target>
    </targetset>

    <targetset name="markblokkort">
        <target
            name="markblokkort2012" presentation="[module:formular-randers.dir]/presentations/pres-markblokkort.xml" displayname="Markblokkort juli 2012">
            <datasource name="ds_markblokkort2012"/>
        </target>
    </targetset>
    <targetset name="markblokkort_begraenset">
        <target
					method="if Lower(GeometryType(selector.shape_wkt)) like '%polygon' then
                        PolygonOverlap (selector.shape_wkt, target.shape_wkt)>1
                     else
                        CommonInteriorPoint (selector.shape_wkt, target.shape_wkt)
                     endif"
            name="markblokkort2012" presentation="[module:formular-randers.dir]/presentations/pres-markblokkort.xml" displayname="Markblokkort juli 2012">
            <datasource name="ds_markblokkort2012"/>
        </target>
    </targetset>

    <targetset name="fussing_soe">
        <target
            name="fussing_soe" presentation="[module:formular-randers.dir]/presentations/pres-fussing_soe.xml" displayname="Fussing sø">
            <datasource name="ds_soeoplande_fussing"/>
        </target>
    </targetset>

    <targetset name="konflikt">
        <target 
            extentbuffer="10"
            method="isWithinDistance(target.shape_wkt, selector.shape_wkt, 10)"
            name="fredskov" presentation="[module:formular-randers.dir]/presentations/pres_fredskov.xml" displayname="Fredskov">
            <datasource name="ds_fredskov"/>
        </target>
    </targetset>

    <targetset name="esdh">
        <target
            name="fesdesdh-localizations" presentation="[module:formular-randers.dir]/presentations/pres-localization_info.xml" displayname="ESDH sager">
            <datasource name="ds_esdh_randers"/>
        </target>
	</targetset>

	<targetset name="drikkevandskvalitet">
        <target
            name="vandforsyningsomraader" presentation="[module:formular-randers.dir]/presentations/pres-vandforsyningsomraader.xml" displayname="Vandforsyningsområder">
            <datasource name="ds_vandforsyningsomraader"/> 
        </target>
	</targetset>

	<targetset name="erhvervsarealer">
        <target
            name="erhvervsarealer" presentation="[module:formular-randers.dir]/presentations/pres-erhvervsarealer.xml" displayname="Erhversarealer">
            <datasource name="ds_bbr_ejendom"/> 
        </target>
	</targetset>
	<!-- condition="IsDefined(seek_all_themes) or InList('theme-sagsbeh_byggesag',layers, ' ')" -->
	<targetset name="sagsbehandler">
        <target
            name="sagsbehandler" presentation="[module:formular-randers.dir]/presentations/pres-sagsbehandler.xml" displayname="Sagsbehandler">
            <datasource name="ds_sagsbeh_byggesag"/> 
        </target>
	</targetset>
	<targetset name="sagsbehandler_dq">
        <target
            name="sagsbehandler" presentation="[module:formular-randers.dir]/presentations/pres-sagsbehandler_dq.xml" displayname="Sagsbehandler">
            <datasource name="ds_sagsbeh_byggesag"/> 
        </target>
	</targetset>
	<targetset name="sbsys_test_sagsbehandler">
        <target
            name="sbsys_sagsbehandler" presentation="[module:formular-randers.dir]/presentations/pres-sbsys_test_sagsbehandler.xml" displayname="Sagsbehandler">
            <datasource name="ds_sagsbeh_byggesag"/> 
        </target>
	</targetset>
	<targetset name="vandvaerk">
        <target
            name="vandvaerk" presentation="[module:formular-randers.dir]/presentations/pres-vandvaerk_maplessqry.xml" displayname="Vandværker">
            <datasource name="ds_vandforsyningsgraenser_1"/> 
        </target>
	</targetset>

	<targetset name="skoler">
        <target
            name="skoler" presentation="[module:formular-randers.dir]/presentations/pres-skoledistrikter.xml" displayname="Skoler">
            <datasource name="ds_skoledistrikter"/> 
        </target>
	</targetset>
	
	<targetset name="lokalplan">
        <target
            name="lokalplan" presentation="[module:formular-randers.dir]/presentations/pres-pdk_lokalplan_vedtaget.xml" displayname="Lokalplan">
            <datasource name="plansystem_wfs_lokalplan-vedtaget"/> 
        </target>
	</targetset>
	
	<targetset name="skolerny">
        <target
            name="skoler" presentation="[module:formular-randers.dir]/presentations/pres-skoledistrikter_ny_0_6.xml" displayname="Skoler">
            <datasource name="ds_skoledistrikter_Ny_struktur_0_6"/> 
        </target>
        <target
            name="skolerny" presentation="[module:formular-randers.dir]/presentations/pres-skoledistrikter_ny_7_9.xml" displayname="Skoler">
            <datasource name="ds_skoledistrikter_Ny_struktur_7_9"/> 
        </target>
	</targetset>
	
	<targetset name="afstemningsomraader">
        <target
            name="afstemningsomraader" presentation="[module:formular-randers.dir]/presentations/pres-afstemningsomraader.xml" displayname="Afstemningsområder">
            <datasource name="ds_afstemningsomr_randers"/> 
        </target>
  </targetset>	
	<!-- condition="IsDefined(seek_all_themes) or InList('theme-sagsbeh_miljo_og_virksomhed',layers, ' ')" -->
	<targetset name="miljosagsbehandler">
        <target
            name="miljosagsbehandler" presentation="[module:formular-randers.dir]/presentations/pres-miljosagsbehandler.xml" displayname="Miljøsagsbehandler">
            <datasource name="ds_sagsbeh_miljo_og_virk"/> 
        </target>
	</targetset>	
	<targetset name="miljosagsbehandler_navn">
        <target
            name="miljosagsbehandler" presentation="[module:formular-randers.dir]/presentations/pres-miljosagsbehandler_navn.xml" displayname="Miljøsagsbehandler (navn)">
            <datasource name="ds_sagsbeh_miljo_og_virk"/> 
        </target>
	</targetset>	

<!--             condition="IsDefined(seek_all_themes) or InList('theme-sagsbeh_landbrug',layers, ' ')"	 -->
	<targetset name="landbrugssagsbehandler">
        <target
            name="landbrugssagsbehandler" presentation="[module:formular-randers.dir]/presentations/pres-landbrugssagsbehandler.xml" displayname="landbrugssagsbehandler">
            <datasource name="ds_sagsbeh_landbrug"/> 
        </target>
	</targetset>	
	<targetset name="kloaksagsbehandler">
        <target
            name="landbrugssagsbehandler" presentation="[module:formular-randers.dir]/presentations/pres-kloaksagsbehandler.xml" displayname="kloaksagsbehandler">
            <datasource name="ds_sagsbehandler_husspildevand"/> 
        </target>
	</targetset>	
	<targetset name="sagsbehandler_join">
        <target
            name="sagsbehandler" presentation="[module:formular-randers.dir]/presentations/pres-sagsbehandler_view.xml" displayname="Sagsbehandler">
            <datasource name="ds_v_sagsbeh_byggesag"/> 
        </target>
	</targetset>

	<targetset name="aeldredistrikter">
        <target
            name="aeldredistrikter" presentation="[module:formular-randers.dir]/presentations/pres-aeldredistrikter.xml" displayname="Ældredistrikter">
            <datasource name="ds_aeldredistrikter"/> 
        </target>
        <target
            name="ds_teamdistrikter_aeldre" presentation="[module:formular-randers.dir]/presentations/pres-teamdistrikter_aeldre.xml" displayname="Teamdistrikter ældre">
            <datasource name="ds_teamdistrikter_aeldre"/> 
        </target>
	</targetset>	
	
	
	<targetset name="beskyttede_natur">
        <target
            name="beskyttede_naturtyper" presentation="[module:formular-randers.dir]/presentations/pres-beskyttede_natur.xml" displayname="Beskyttede naturtyper">
            <datasource name="ds_beskyttede_naturtyper"/> 
        </target>
	</targetset>	
	
	<targetset name="boernedistrikter">
        <target
            name="bornedistrikter" presentation="[module:formular-randers.dir]/presentations/pres-bornedistrikter.xml" displayname="Børnedistrikter">
            <datasource name="ds_bornedistrikter"/> 
        </target>
	</targetset>	
	
	<targetset name="zonesager_sagsbehandler">
        <target
            name="zonesager_sagsbehandler" presentation="[module:formular-randers.dir]/presentations/pres-zonesager_sagsbehandler.xml" displayname="zonesager sagsbehandler">
            <datasource name="ds_sagsbeh_zonesager_landbrug"/> 
        </target>
	</targetset>	

	<targetset name="planlaegning_sagsbehandler">
        <target
            name="planlaegning_sagsbehandler" presentation="[module:formular-randers.dir]/presentations/pres-planlaegning_sagsbehandler.xml" displayname="Planlægningssagsbehandler">
            <datasource name="ds_sagsbeh_planlaegning"/> 
        </target>
	</targetset>	

	<targetset name="brandteknisk_sagsbehandler">
        <target
            name="brandteknisk_sagsbehandler" presentation="[module:formular-randers.dir]/presentations/pres-brandteknisk_sagsbehandler.xml" displayname="brandteknisk sagsbehandler">
            <datasource name="ds_sagsbeh_brandteknisk"/> 
        </target>
	</targetset>

	<targetset name="Driftsassistenter">
        <target
            name="Driftsassistenter" presentation="[module:formular-randers.dir]/presentations/pres-Driftsassistenter.xml" displayname="Driftsassistenter">
            <datasource name="ds_sagsbeh_driftsassistenter"/> 
        </target>
	</targetset>	
	
	<targetset name="skorstenfejer">
        <target
            name="skorstensfejer_distrikter" presentation="[module:formular-randers.dir]/presentations/pres-skorstenfejer.xml" displayname="Skorstenfejer">
            <datasource name="ds_skorstensfejer_distrikter"/> 
        </target>
	</targetset>		

	<!-- KMR 8/7-2014 -->
 	<targetset name="landzone">
        <target
            name="landzone" presentation="[module:formular-randers.dir]/presentations/pres_landzone.xml" displayname="Landzone">
            <datasource name="plansystem_wfs_zonekort"/> 
        </target>
	</targetset>
	<targetset name="lokalplan">
        <target
            name="lokalplan" presentation="[module:formular-randers.dir]/presentations/pres_lokalplan.xml" displayname="Lokalplan">
            <datasource name="plansystem_wfs_lokalplan-vedtaget"/> 
        </target>
	</targetset>		
	<targetset name="kommuneplan">
        <target
            name="kommuneplan" presentation="[module:formular-randers.dir]/presentations/pres_kommuneplan.xml" displayname="Kommuneplan">
            <datasource name="ds_kommuneplanrammer2013"/> 
        </target>
	</targetset>		
	<targetset name="kommuneplan_wfs">
        <target
            name="kommuneplan_wfs" presentation="[module:formular-randers.dir]/presentations/pres_kommuneplan_wfs.xml" displayname="Kommuneplan fra WFS">
            <datasource name="ds_v_kommunplan_og_tillaeg_vedtaget_fra_wfs_730"/> 
        </target>
	</targetset>		
	<targetset name="kommuneplan_anvendelsegenerel">
        <target
            name="kommuneplan_anvendelsegenerel" presentation="[module:formular-randers.dir]/presentations/pres_kommuneplan_anvendelsegenerel.xml" displayname="Kommuneplan">
            <datasource name="ds_kommuneplanrammer2013"/> 
        </target>
	</targetset>		
		 
	<targetset name="landzone_noshow">
        <target
            name="landzone_noshow" presentation="[module:formular-randers.dir]/presentations/pres_noshow.xml" displayname="Landzone uden visning">
            <datasource name="plansystem_wfs_zonekort"/> 
        </target>
	</targetset>		

	<targetset name="lokalplan_noshow">
        <target
            name="lokalplan_noshow" presentation="[module:formular-randers.dir]/presentations/pres_noshow.xml" displayname="Lokalplan uden visning">
            <datasource name="plansystem_wfs_lokalplan-vedtaget"/> 
        </target>
	</targetset>		
	<targetset name="kommuneplan_noshow">
        <target
            name="kommuneplan_noshow" presentation="[module:formular-randers.dir]/presentations/pres_noshow.xml" displayname="Kommuneplan uden visning">
            <datasource name="ds_kommuneplanrammer13_uden_land_og_rekreativ"/> 
        </target>
	</targetset>		
	
	<targetset name="dk_jord_v1">
        <target
					method="if Lower(GeometryType(selector.shape_wkt)) like '%polygon' then
                        PolygonOverlap (selector.shape_wkt, target.shape_wkt)>1
                     else
                        CommonInteriorPoint (selector.shape_wkt, target.shape_wkt)
                     endif"

            name="dk_jord_v1" presentation="[module:formular-randers.dir]/presentations/pres_dk_jord_v1.xml" displayname="DK Jord V1">
            <datasource name="dkjord_v1_wfs"/> 
        </target>
	</targetset>		
	<targetset name="dk_jord_v2">
        <target
					method="if Lower(GeometryType(selector.shape_wkt)) like '%polygon' then
                        PolygonOverlap (selector.shape_wkt, target.shape_wkt)>1
                     else
                        CommonInteriorPoint (selector.shape_wkt, target.shape_wkt)
                     endif"

            name="dk_jord_v2" presentation="[module:formular-randers.dir]/presentations/pres_dk_jord_v2.xml" displayname="DK Jord V2">
            <datasource name="dkjord_v2_wfs"/> 
        </target>
	</targetset>	
	<targetset name="jord_omraadeklassificering">
        <target
					method="if Lower(GeometryType(selector.shape_wkt)) like '%polygon' then
                        PolygonOverlap (selector.shape_wkt, target.shape_wkt)>1
                     else
                        CommonInteriorPoint (selector.shape_wkt, target.shape_wkt)
                     endif"

            name="jord_omraadeklassificering" presentation="[module:formular-randers.dir]/presentations/pres_dk_jord_omraadeklassificeret.xml" displayname="Områdeklassifikation">
            <datasource name="ds_omraadeklassificering"/> 
        </target>
	</targetset>	
	<targetset name="jord_omraadeklassificering_dai">
        <target
					method="if Lower(GeometryType(selector.shape_wkt)) like '%polygon' then
                        PolygonOverlap (selector.shape_wkt, target.shape_wkt)>1
                     else
                        CommonInteriorPoint (selector.shape_wkt, target.shape_wkt)
                     endif"

            name="jord_omraadeklassificering_dai" presentation="[module:formular-randers.dir]/presentations/pres_dk_jord_omraadeklassificeret_dai.xml" displayname="Områdeklassifikation (DAI)">
            <datasource name="omr_klassificering_wfs"/> 
        </target>
	</targetset>	

	<targetset name="jord_omraadeklassificering_analysefri">
        <target
					method="if Lower(GeometryType(selector.shape_wkt)) like '%polygon' then
                        PolygonOverlap (selector.shape_wkt, target.shape_wkt)>1
                     else
                        CommonInteriorPoint (selector.shape_wkt, target.shape_wkt)
                     endif"

            name="jord_omraadeklassificering_analysefri" presentation="[module:formular-randers.dir]/presentations/pres_dk_jord_omraadeklassificeret_analysefri.xml" displayname="Områdeklassifikation - analysefri">
            <datasource name="ds_omraadeklassificering_analysefri"/> 
        </target>
	</targetset>	
	<targetset name="jord_v1_v2_kortlaegninsnr">
        <target
					method="if Lower(GeometryType(selector.shape_wkt)) like '%polygon' then
                        PolygonOverlap (selector.shape_wkt, target.shape_wkt)>1
                     else
                        CommonInteriorPoint (selector.shape_wkt, target.shape_wkt)
                     endif"

            name="jord_omraadeklassificering_analysefri" presentation="[module:formular-randers.dir]/presentations/pres_jord_v1_v2_kortlaegninsnr.xml" displayname="Områdeklassifikation - analysefri">
            <datasource name="ds_jordforureninggodkendte_wfs"/> 
        </target>
	</targetset>	
	<targetset name="jord_v1_kortlaegninsnr_dai">
        <target
					method="if Lower(GeometryType(selector.shape_wkt)) like '%polygon' then
                        PolygonOverlap (selector.shape_wkt, target.shape_wkt)>1
                     else
                        CommonInteriorPoint (selector.shape_wkt, target.shape_wkt)
                     endif"

            name="dkjord_v1_wfs_dai" presentation="[module:formular-randers.dir]/presentations/pres_jord_v1_kortlaegningsnr_dai.xml" displayname="dkjord_v1_wfs_dai">
            <datasource name="dkjord_v1_wfs"/> 
        </target>
	</targetset>	
	<targetset name="jord_v2_kortlaegninsnr_dai">
        <target
					method="if Lower(GeometryType(selector.shape_wkt)) like '%polygon' then
                        PolygonOverlap (selector.shape_wkt, target.shape_wkt)>1
                     else
                        CommonInteriorPoint (selector.shape_wkt, target.shape_wkt)
                     endif"

            name="dkjord_v2_wfs" presentation="[module:formular-randers.dir]/presentations/pres_jord_v2_kortlaegningsnr_dai.xml" displayname="dkjord_v2_wfs">
            <datasource name="dkjord_v2_wfs"/> 
        </target>
	</targetset>	
	<targetset name="jord_v1_v2_kortlaegninsnr_dai">
        <target
					method="if Lower(GeometryType(selector.shape_wkt)) like '%polygon' then
                        PolygonOverlap (selector.shape_wkt, target.shape_wkt)>1
                     else
                        CommonInteriorPoint (selector.shape_wkt, target.shape_wkt)
                     endif"

            name="jord_omraadeklassificering_analysefri" presentation="[module:formular-randers.dir]/presentations/pres_jord_v1_v2_kortlaegninsnr.xml" displayname="Områdeklassifikation - analysefri">
            <datasource name="ds_jordforureninggodkendte_wfs"/> 
        </target>
	</targetset>	
	<!-- jordklassificering - lokalt -->
	<targetset name="dk_jord_v1_lokalt">
        <target
					method="if Lower(GeometryType(selector.shape_wkt)) like '%polygon' then
                        PolygonOverlap (selector.shape_wkt, target.shape_wkt)>1
                     else
                        CommonInteriorPoint (selector.shape_wkt, target.shape_wkt)
                     endif"

            name="dk_jord_v1" presentation="[module:formular-randers.dir]/presentations/pres_dk_jord_v1.xml" displayname="DK Jord V1">
            <datasource name="dkjord_v1_wfs"/> 
        </target>
	</targetset>		
	<targetset name="dk_jord_v2_lokalt">
        <target
					method="if Lower(GeometryType(selector.shape_wkt)) like '%polygon' then
                        PolygonOverlap (selector.shape_wkt, target.shape_wkt)>1
                     else
                        CommonInteriorPoint (selector.shape_wkt, target.shape_wkt)
                     endif"

            name="dk_jord_v2" presentation="[module:formular-randers.dir]/presentations/pres_dk_jord_v2.xml" displayname="DK Jord V2">
            <datasource name="dkjord_v2_wfs"/> 
        </target>
	</targetset>	
	<targetset name="jord_v1_v2_kortlaegninsnr_lokalt">
        <target
					method="if Lower(GeometryType(selector.shape_wkt)) like '%polygon' then
                        PolygonOverlap (selector.shape_wkt, target.shape_wkt)>1
                     else
                        CommonInteriorPoint (selector.shape_wkt, target.shape_wkt)
                     endif"

            name="jord_omraadeklassificering_analysefri" presentation="[module:formular-randers.dir]/presentations/pres_jord_v1_v2_kortlaegninsnr.xml" displayname="Områdeklassifikation - analysefri">
            <datasource name="ds_jordforureninggodkendte_wfs"/> 
        </target>
	</targetset>	
	
	<targetset name="vintertjeneste_sti_fortov_egne">
        <target
            extentbuffer="100"
            method="isWithinDistance(target.shape_wkt, selector.shape_wkt, 100)"

            name="formular_klage_vintertjeneste_ds2" presentation="[module:formular-randers.dir]/presentations/pres_vintertjeneste_sti_fortov_egne.xml" displayname="Vintertjeneste (sti/fortov) egne">
            <datasource name="ds_formular_klage_vintertjeneste_ds2"/> 
        </target>
	</targetset>	
	<targetset name="vintertjeneste_sti_fortov_egne_intersects">
        <target
            method="Overlaps(target.shape_wkt, selector.shape_wkt)"

            name="formular_klage_vintertjeneste_ds2t" presentation="[module:formular-randers.dir]/presentations/pres_vintertjeneste_sti_fortov_egne.xml" displayname="Vintertjeneste (sti/fortov) egne">
            <datasource name="ds_formular_klage_vintertjeneste_ds2"/> 
        </target>
	</targetset>	
	<targetset name="vintertjeneste_sti_fortov_stat">
        <target
            extentbuffer="1"
            method="isWithinDistance(target.shape_wkt, selector.shape_wkt, 1)"

            name="formular_klage_vintertjeneste_ds3" presentation="[module:formular-randers.dir]/presentations/pres_vintertjeneste_sti_fortov_stat.xml" displayname="Vintertjeneste (sti/fortov) stat">
            <datasource name="ds_formular_klage_vintertjeneste_ds3"/> 
        </target>
	</targetset>	
	<targetset name="vintertjeneste_veje">
        <target
            extentbuffer="10"
            method="isWithinDistance(target.shape_wkt, selector.shape_wkt, 10)"

            name="vintertjeneste_veje" presentation="[module:formular-randers.dir]/presentations/pres_vintertjeneste_veje.xml" displayname="Vintertjeneste (veje) egne">
            <datasource name="ds_service_drift"/> 
        </target>
	</targetset>	
    <targetset name="landbrugsejendom">
        <target
            name="jordstykke" presentation="[module:formular-randers.dir]/presentations/pres_landbrugsejendom.xml" displayname="Landbrugsejendom" >
            <datasource name="ds_jordstykke"/>
        </target>
    </targetset>
    <targetset name="landbrugsejendom_reduceret">
        <target
					method="if Lower(GeometryType(selector.shape_wkt)) like '%polygon' then
                        PolygonOverlap (selector.shape_wkt, target.shape_wkt) > 1
                     else
                        CommonInteriorPoint (selector.shape_wkt, target.shape_wkt)
                     endif"

            name="jordstykke" presentation="[module:formular-randers.dir]/presentations/pres_landbrugsejendom.xml" displayname="Landbrugsejendom" >
            <datasource name="ds_jordstykke"/>
        </target>
    </targetset>

    <targetset name="ds_lois_nybbr_bygninggeo">
        <target
            name="ds_lois_nybbr_bygninggeo" presentation="[module:formular-randers.dir]/presentations/pres_ds_nybbr_bygningview_aktuel.xml" displayname="BBR">
            <datasource name="ds_lois_nybbr_bygninggeo"/>
        </target>
    </targetset>

    <targetset name="brandhaner_edit"
		extentbuffer="10"
	>
        <target
		        
            
            method="isWithinDistance(target.shape_wkt, selector.shape_wkt, 10)"
			
            name="ds_brandhaner_edit" presentation="[module:formular-randers.dir]/presentations/pres_ds_brandhaner_edit.xml" displayname="Brandhaner (editering)">
            <datasource name="ds_brandhaner_edit"/>
        </target>
    </targetset>
    <targetset name="brandhaner_kopi2"
			extentbuffer="10">
        <target
		        
            
            method="within(target.shape_wkt, selector.shape_wkt)"
			
            name="ds_brandhaner_kopi" presentation="[module:formular-randers.dir]/presentations/pres_ds_brandhaner_kopi.xml" displayname="Brandhaner (kopi)">
            <datasource name="ds_brandhaner_kopi"/>
        </target>
    </targetset>

    <targetset name="dyrehegn">
        <target			
            name="ds_dyrehegn_pres" presentation="[module:formular-randers.dir]/presentations/pres-dyrehegn.xml" displayname="Dyrehegn">
            <datasource name="ds_dyrehegn"/>
        </target>
    </targetset>

    <targetset name="graesning">
        <target			
            name="graesning_pres" presentation="[module:formular-randers.dir]/presentations/pres-graesningsforhold.xml" displayname="Graesning">
            <datasource name="ds_graesningsforhold"/>
        </target>
    </targetset>

</spatialqueries>
