<?xml version="1.0" encoding="UTF-8"?>
<targetset>
		<target
            themecondition="theme-formular_tilsyn_fbb"
            displayname="Tilsyn FBB" name="formular_tilsyn_fbb" presentation="[module:formular-randers.dir]/presentations/pres_tilsyn_fbb">
            <datasource name="ds_tilsyn_fbb"/>
        </target>
		<target
            themecondition="theme-formular_klage_parkering"
            displayname="Borgermøde" name="formular_klage_parkering" presentation="[module:formular-randers.dir]/presentations/pres-klage_parkering">
            <datasource name="ds_formular_klage_parkering"/>
        </target>
		<target
            themecondition="theme-formular_borgmesterkontoret"
            displayname="Borgermøde" name="formular_borgmesterkontoret" presentation="[module:formular-randers.dir]/presentations/pres-borgmesterkontoret">
            <datasource name="ds_formular_borgmesterkontoret"/>
        </target>
        <target
            themecondition="theme-formular_sloejfning_olietank"
            displayname="Erklæring om sløjfning af olietank" name="formular_sloejfning_olietank" presentation="[module:formular-randers.dir]/presentations/pres-formular_sloejfning_olietank">
            <datasource name="ds_formular_sloejfning_olietank"/>
        </target>
        <target
            themecondition="theme-formular_stillads"
            displayname="Opstilling af stillads, lift, kran" name="formular_stillads" presentation="[module:formular-randers.dir]/presentations/pres-formular_stillads">
            <datasource name="ds_formular_stillads"/>
        </target>
        <target
            themecondition="theme-formular_container"
            displayname="Opstilling af container" name="formular_container" presentation="[module:formular-randers.dir]/presentations/pres-formular_container">
            <datasource name="ds_formular_container"/>
        </target>
        <target
            themecondition="theme-formular_slam"
            displayname="Anmeldelse udbringning af spildevandsslam" name="formular_slam" presentation="[module:formular-randers.dir]/presentations/pres-formular_slam">
            <datasource name="ds_formular_slam"/>
        </target>
        <target
            themecondition="theme-formular_arrangement150"
            displayname="Ansøgning om afvikling af arrangementer for mere en 150 personer" name="formular_arrangement150" presentation="[module:formular-randers.dir]/presentations/pres-formular_arrangement150">
            <datasource name="ds_formular_arrangement150"/>
        </target>
        <target
            themecondition="theme-formular_beholderudafdrift"
            displayname="Erklæring om, at beholder tages ud af drift" name="formular_beholderudafdrift" presentation="[module:formular-randers.dir]/presentations/pres-formular_beholderudafdrift">
            <datasource name="ds_formular_beholderudafdrift"/>
        </target>
        <target
            themecondition="theme-formular_sloejfning_boring"
            displayname="Sløfning af boringer og brønde" name="formular_sloejfning_boring" presentation="[module:formular-randers.dir]/presentations/pres-formular_sloejfning_boring">
            <datasource name="ds_formular_sloejfning_boring"/>
        </target>
        <target
            themecondition="theme-formular_midlertidig_aktiv"
            displayname="Anmeldelse af midlertidig forurende aktivitet" name="formular_midlertidig_aktiv" presentation="[module:formular-randers.dir]/presentations/pres-formular_midlertidig_aktiv">
            <datasource name="ds_formular_midlertidig_aktiv"/>
        </target>
        <target
            themecondition="theme-formular_faerdig_nedsivning"
            displayname="Færdigmelding af nedsivningsanlæg" name="formular_faerdig_nedsivning" presentation="[module:formular-randers.dir]/presentations/pres-formular_faerdig_nedsivning">
            <datasource name="ds_formular_faerdig_nedsivning"/>
        </target>
        <target
            themecondition="theme-formular_jordvarmeanlaeg"
            displayname="Ansøgning om tilladelse til etablering af jordvarmeanlæg" name="formular_jordvarmeanlaeg" presentation="[module:formular-randers.dir]/presentations/pres-formular_jordvarmeanlaeg">
            <datasource name="ds_formular_jordvarmeanlaeg"/>
        </target>
        <target
            themecondition="theme-formular_smaahuse"
            displayname="Anmeldelse af garage, carport, udhus m.v." name="formular_smaahuse" presentation="[module:formular-randers.dir]/presentations/pres-formular_smaahuse">
            <datasource name="ds_formular_smaahuse"/>
        </target>
        <target
            themecondition="theme-formular_naturtype"
            displayname="Forespørgsel om beskyttet natur" name="formular_naturtype" presentation="[module:formular-randers.dir]/presentations/pres-formular_naturtype">
            <datasource name="ds_formular_naturtype"/>
        </target>
        <target
            themecondition="theme-formular_etablering_olietank"
            displayname="Erklæring om etablering af olietank under 6000 l" name="formular_etablering_olietank" presentation="[module:formular-randers.dir]/presentations/pres-formular_etablering_olietank">
            <datasource name="ds_formular_etablering_olietank"/>
        </target>
        <target
            themecondition="theme-formular_startbyggeri"
            displayname="Anmeldelse af påbegyndelse af byggeri" name="formular_startbyggeri" presentation="[module:formular-randers.dir]/presentations/pres-formular_startbyggeri">
            <datasource name="ds_formular_startbyggeri"/>
        </target>
        <target
            themecondition="theme-formular_byggerislut"
            displayname="Færdigmelding af byggeri" name="formular_byggerislut" presentation="[module:formular-randers.dir]/presentations/pres-formular_byggerislut">
            <datasource name="ds_formular_byggerislut"/>
        </target>
        <target
            themecondition="theme-formular_koersel"
            displayname="Kørsel" name="formular_koersel" presentation="[module:formular-randers.dir]/presentations/pres-formular_koersel">
            <datasource name="ds_formular_koersel"/>
        </target>
        <target
            themecondition="theme-formular_oversvoemmelse"
            displayname="Indberetning af oversvømmelser" name="formular_oversvoemmelse" presentation="[module:formular-randers.dir]/presentations/pres-formular_oversvoemmelse">
            <datasource name="ds_formular_oversvoemmelse"/>
        </target>
        <target
            themecondition="theme-formular_midtidliger_overnat"
            displayname="Midlertidlige overnatninger" name="formular_midtidliger_overnat" presentation="[module:formular-randers.dir]/presentations/pres-formular_midtidliger_overnat">
            <datasource name="ds_formular_midlertidig_overnat"/>
        </target>
        <target
            themecondition="theme-formular_faerdigmeldingjordvarmeanlaeg"
            displayname="Færdigmelding af jordvarmeanlæg" name="formular_faerdigmeldingjordvarmeanlaeg" presentation="[module:formular-randers.dir]/presentations/pres-formular_faerdigmeldingjordvarmeanlaeg">
            <datasource name="ds_formular_faerdigmeldingjordvarmeanlaeg"/>
        </target>
        <target
            themecondition="theme-formular_drikkevandskvalitet"
            displayname="Drikkevandskvalitet" name="formular_drikkevandskvalitet" presentation="[module:formular-randers.dir]/presentations/pres-formular_drikkevandskvalitet">
            <datasource name="ds_formular_drikkevandsanalyse"/>
        </target>
        <target
            themecondition="theme-formular_parkering_privat"
            displayname="Parkering, privat" name="formular_parkering_privat" presentation="[module:formular-randers.dir]/presentations/pres-formular_parkering_privat">
            <datasource name="ds_formular_parkeringstilladelser"/>
        </target>
        <target
            themecondition="theme-formular_service_ventilation"
            displayname="Service af ventilation" name="formular_service_ventilation" presentation="[module:formular-randers.dir]/presentations/pres-formular_service_ventilation">
            <datasource name="ds_formular_service_ventilation"/>
        </target>
        <target
            themecondition="theme-formular_ans_fyrvaerkeri"
            displayname="Fyrværkeri ans" name="formular_ans_fyrvaerkeri" presentation="[module:formular-randers.dir]/presentations/pres_formular_ans_fyrvaerkeri">
            <datasource name="ds_formular_ans_fyrvaerk"/>
        </target>
        <target
            themecondition="theme-formular_anm_fyrvaerkeri"
            displayname="Fyrværkeri anm" name="formular_anm_fyrvaerkeri" presentation="[module:formular-randers.dir]/presentations/pres_formular_anm_fyrvaerkeri">
            <datasource name="ds_formular_anm_fyrvaerk"/>
        </target>
        <target
            themecondition="theme-formular_beholderkontrol"
            displayname="Beholderkontrol" name="formular_beholderkontrol" presentation="[module:formular-randers.dir]/presentations/pres-formular_beholderkontrol">
            <datasource name="ds_formular_beholderkontrol"/>
        </target>
        <target
            themecondition="theme-formular_tilsyn_vandloeb"
            displayname="Tilsyn med vandløb" name="formular_tilsyn_vandloeb" presentation="[module:formular-randers.dir]/presentations/pres-formular_tilsyn_vandloeb">
            <datasource name="ds_formular_tilsyn_vandloeb"/>
        </target>
<!-- Udkommenteret pga. manglende geometri

        <target
            themecondition="theme-formular_parkering_erhverv"
            displayname="Parkering, erhverv" name="formular_parkering_erhverv" presentation="[module:formular-randers.dir]/presentations/pres-formular_parkering_erhverv">
            <datasource name="ds_formular_parkering_erhverv"/>
        </target>
-->

        <target
			themecondition="theme-formular_faerdigmelding_separering_kloakering"
            displayname="Separering af kloak" name="sep_af_kloak" presentation="[module:formular-randers.dir]/presentations/pres-separering_kloak" >
            <datasource name="ds_formular_faerdig_sep_kloak"/>
        </target>
        <target
            themecondition="theme-formular_kommunale_lejemaal"
            displayname="Kommunale lejemål" name="formular_kommunale_lejemaal" presentation="[module:formular-randers.dir]/presentations/pres-formular_kommunale_lejemaal">
            <datasource name="ds_formular_kommunale_lejemaal"/>
        </target>
        <target
            themecondition="theme-formular_tilsyn_gravhoj"
            displayname="Tilsyn med gravhoj" name="formular_tilsyn_gravhoj" presentation="[module:formular-randers.dir]/presentations/pres-formular_tilsyn_med_gravhoeje">
            <datasource name="ds_formular_tilsyn_gravhoj"/>
        </target>
        <target
            themecondition="theme-formular_friv_nedriv"
            displayname="Friv nedrivning" name="formular_friv_nedriv" presentation="[module:formular-randers.dir]/presentations/pres-formular_friv_nedriv">
            <datasource name="ds_formular_friv_nedriv"/>
        </target>
        <target
            themecondition="theme-formular_soe"
            displayname="Etablering af sø" name="formular_soe" presentation="[module:formular-randers.dir]/presentations/pres-formular_soe">
            <datasource name="ds_formular_soe"/>
        </target>
        <target
            themecondition="theme-formular_bliv_frivillig_rute"
            displayname="Bliv frivillig" name="formular_bliv_frivillig_rute" presentation="[module:formular-randers.dir]/presentations/pres-formular_bliv_frivillig">
            <datasource name="ds_formular_bliv_frivillig_rute"/>
        </target>
        
        <target
            themecondition="theme-formular_bliv_frivillig_areal"
            displayname="Bliv frivillig" name="formular_bliv_frivillig_areal" presentation="[module:formular-randers.dir]/presentations/pres-formular_bliv_frivillig">
            <datasource name="ds_formular_bliv_frivillig_areal"/>
        </target>
        <target
            themecondition="theme-formular_bliv_frivillig_andet"
            displayname="Bliv frivillig" name="formular_bliv_frivillig_andet" presentation="[module:formular-randers.dir]/presentations/pres-formular_bliv_frivillig">
            <datasource name="ds_formular_bliv_frivillig_andet"/>
        </target>
        <target
            themecondition="theme-formular_ejendomavancebeskatning"
            displayname="Ejendomavancebeskatning" name="formular_Ejendomavancebeskatning" presentation="[module:formular-randers.dir]/presentations/pres_ejendomavancebeskatning">
            <datasource name="ds_formular_ejendavance"/>
        </target>
        <target
            themecondition="theme-formular_ventilation"
            displayname="Ventilationsanlæg" name="formular_ventilation" presentation="[module:formular-randers.dir]/presentations/pres-formular_ventilation">
            <datasource name="ds_formular_ventilation"/>
        </target>
        <target
            themecondition="theme-rep_tilbud_vent"
            displayname="Reperationsopgave/-tilbud på ventilationsanlæg" name="rep_tilbud_vent" presentation="[module:formular-randers.dir]/presentations/pres-rep_tilbud_vent">
            <datasource name="ds_rep_tilbud_vent"/>
        </target>
        <target
            themecondition="theme-tjek_og_serviceliste_vent"
            displayname="Tjek- og serviceliste - Ventilationsanlæg" name="tjek_og_serviceliste_vent" presentation="[module:formular-randers.dir]/presentations/pres-tjek_og_serviceliste_vent">
            <datasource name="ds_tjek_og_serviceliste_vent"/>
        </target>
        <target
            themecondition="theme-formular_lejede_arealer"
            displayname="Lejede bygninger" name="lejede_bygninger" presentation="[module:formular-randers.dir]/presentations/pres_lejede_bygninger">
            <datasource name="formular_lejede_arealer"/>
        </target>
        <target
            themecondition="theme-formular_byggesag_tilsyn"
            displayname="Tilsynsnotat ifm. byggesager" name="formular_byggesag_tilsyn" presentation="[module:formular-randers.dir]/presentations/pres-formular_byggesag_tilsyn">
            <datasource name="ds_formular_byggesag_tilsyn"/>
        </target>
        <target
            themecondition="theme-formular_nedsivning"
            displayname="Etablering af nedsivningsanlæg" name="formular_nedsivning" presentation="[module:formular-randers.dir]/presentations/pres_nedsivning">
            <datasource name="ds_formular_etabler_nedsivningsanlaeg"/>
        </target>
        <target
            themecondition="theme-formular_miljoetilsyn"
            displayname="Miljøtilsyn" name="formular_miljoetilsyn" presentation="[module:formular-randers.dir]/presentations/pres_formular_miljoetilsyn">
            <datasource name="ds_formular_miljoetilsyn"/>
        </target>
        <target
            themecondition="theme-formular_parkering_forbud"
            displayname="Parkeringsforbud" name="parkeringtilladelse_forbud" presentation="[module:formular-randers.dir]/presentations/pres-parkeringstilladelse_forbud">
            <datasource name="ds_formular_parkeringforbud"/>
        </target>
	

</targetset>