<?xml version="1.0" encoding="UTF-8"?>
<datasources>
    <endpoint endpointtype="postgis" name="mailsender">
        <connect>webgisdb02.randers.dk:5432/gistest</connect>
        <user>indberetningsmailer</user>
        <pwd>indberetningsmailer</pwd>
        <srid>25832</srid>
        <table geometrycolumn="the_geom" pkcolumn="ogc_fid"/>
    </endpoint>
    <datasource displayname="Ansøgning om afvikling af arrangementer i telt for mere end 150 personer" endpoint="selvbetjening" name="ds_formular_arrangement_telt">
        <sql command="write">insert into formular_arrangement_telt(formular, ref, address, startdato, slutdato, antal_dage, start_tid, slut_tid, antalpersoner, art, navn, email, tlf, filnavn2, filnavn,journalnr,ts_alteret,kommune, wkb_geometry) values([string: formular],[string: sessionid],[string: if isDefined(address) then address else "Ikke oplyst" endif],[string: if isDefined(startdato) then startdato else "Ikke oplyst" endif],[string: if isDefined(slutdato) then slutdato else "Ikke oplyst" endif],[number: if isDefined(antal_dage) then ToNumber(antal_dage) else 0 endif],[string: start_tid],[string: slut_tid],[string: antalpersoner],[string: art],[string: navn],[string: email],[string: tlf],[string: if isDefined(filnavn2) then filnavn2 else "Ikke oplyst" endif],[string: if isDefined(filnavn) then filnavn else "Ikke oplyst" endif],[string: if isDefined(journalnr) then journalnr else "" endif],localtimestamp,[string: if isDefined(kommune) then kommune else "" endif],[geometry: ToGeometry(wkt)])</sql>
        <table geometrycolumn="wkb_geometry" name="formular_arrangement_telt" pkcolumn="ogc_fid"/>
    </datasource>
    <datasource displayname="Ansøgning om afvikling af midlertidig salgsområde" endpoint="selvbetjening" name="ds_formular_arrangement_salg">
        <sql command="write">insert into formular_midlertidigsalg(formular, ref, address, startdato, slutdato, antal_dage, start_tid, slut_tid, antalpersoner, art, navn, email, tlf,
								filnavn2, filnavn,journalnr,ts_alteret,kommune, wkb_geometry) 
								values(
								[string: formular],
								[string: sessionid],
								[string: if isDefined(address) then address else "Ikke oplyst" endif],
								[string: if isDefined(startdato) then startdato else "Ikke oplyst" endif],
								[string: if isDefined(slutdato) then slutdato else "Ikke oplyst" endif],
								[number: if isDefined(antal_dage) then ToNumber(antal_dage) else 0 endif],
								[string: start_tid],
								[string: slut_tid],
								[string: antalpersoner],
								[string: art],
								[string: navn],
								[string: email],
								[string: tlf],
								[string: if isDefined(filnavn2) then filnavn2 else "Ikke oplyst" endif],
								[string: if isDefined(filnavn) then filnavn else "Ikke oplyst" endif],
								[string: if isDefined(journalnr) then journalnr else "" endif],
								localtimestamp,
								[string: if isDefined(kommune) then kommune else "" endif],
								[geometry: ToGeometry(wkt)])</sql>
        <table geometrycolumn="wkb_geometry" name="formular_midlertidigsalg" pkcolumn="ogc_fid"/>
    </datasource>
</datasources>
