<?xml version="1.0" encoding="UTF-8"?>
<pages>
    <page name="formular.send.ventilationsanlaeg" contenttype="text/xml" resultpassing="pass-all">
        <data handler="datasource" operation="execute-command">
            <url-parameters>
                <url-parameter name="datasource" value="ds_formular_ventilation"/>
                <url-parameter name="command" value="write"/>
            </url-parameters>
        </data>
    </page>
    <page name="formular.update.ventilationsanlaeg" contenttype="text/xml" resultpassing="pass-all">
        <data handler="datasource" operation="execute-command">
            <url-parameters>
                <url-parameter name="datasource" value="ds_formular_ventilation"/>
                <url-parameter name="command" value="updatedata"/>
            </url-parameters>
        </data>
    </page>
	<page name="formular.ventilation.readall" contenttype="text/xml" resultpassing="pass-all">
        <data handler="datasource" operation="execute-command">
            <url-parameters>
                <url-parameter name="datasource" value="ds_tmp_ventilation"/>
                <url-parameter name="command">if isdefined(command) then command else 'readall' endif</url-parameter>
				<url-parameter name="id">if isdefined(id) then id else '0' endif</url-parameter>
				<url-parameter name="adr">if isdefined(address) then address else '' endif</url-parameter>
				<url-parameter name="anlaeg">if isdefined(anlaeg) then anlaeg else '' endif</url-parameter>
            </url-parameters>
        </data>
    </page>
</pages>