<?xml version="1.0" encoding="UTF-8"?>
<pages>
	<page name="formular.renoveringsaffald.save" contenttype="application/json" sessionrequired="true">
		<data handler="datasource" operation="execute-command">
            <url-parameters>
                <url-parameter name="datasource" value="ds_formular_renoveringsaffald"/>
                <url-parameter name="command" value="write"/>
            </url-parameters>
        </data>
    </page>
	<!--
	Denne del skabet selve PDF´en. Det er ligesom i gamledag, blot ligger den i en PAGE for sig selv
	-->
    <page name="formular.send.renoveringsaffald.pdf" contenttype="application/json" sessionrequired="true" resultpassing="pass-all">
        <include src="[module:formular.dir]/pages/pages-includes.xml" nodes="/pages/page[@name='formular.send']/*" mustexist="true"/>
    </page>
	

</pages>