<?xml version="1.0" encoding="UTF-8"?>
<pages>    
	
	<page name="formular.erklaering_teknisk_doku.get.eks_sag" contenttype="application/json" sessionrequired="false">
		<data handler="dk.septima.integration.sbsys.SbsysHandler" operation="get" />
			<url-parameters>
				<url-parameter name="brugerid" value="dq10305" /> 
				<url-parameter name="journalnummer">journalnr</url-parameter>
			</url-parameters>
	</page>
 
	<page name="formular.erklaering_teknisk_doku.save" contenttype="application/json" sessionrequired="true">
		<data handler="datasource" operation="execute-command">
            <url-parameters>
                <url-parameter name="datasource" value="ds_formular_teknisk_dokumentation"/>
                <url-parameter name="command" value="write"/>
            </url-parameters>
        </data>
    </page>

	<!--
	Denne del skabet selve PDF´en. Det er ligesom i gamledag, blot ligger den i en PAGE for sig selv
	-->
    <page name="formular.erklaering_teknisk_doku.pdf" contenttype="application/json" sessionrequired="true" resultpassing="pass-all">
        <include src="[module:formular.dir]/pages/pages-includes.xml" nodes="/pages/page[@name='formular.send']/*" mustexist="true"/>
    </page>
    <page name="formular.send.erklaering_teknisk_doku.pdf.move" contenttype="application/json" sessionrequired="true" resultpassing="pass-all">
        <data handler="datasource" operation="execute-command">
           <url-parameters>
                <url-parameter name="datasource" value="formular-final"/>
                <url-parameter name="command" value="move"/>
				<url-parameter name="frid">frid</url-parameter>
            </url-parameters>
        </data>
    </page>

	<page name="formular.send.erklaering_teknisk_doku.mail" contenttype="application/json" sessionrequired="true">
        <data handler="datasource" operation="execute-command">
            <url-parameters>
                <url-parameter name="datasource" value="mailsender"/>
                <url-parameter name="command" value="sendmail"/>
                <url-parameter name="sendto_ref">frid</url-parameter>
                <url-parameter name="sendto_email">'to:'+email</url-parameter>
                <url-parameter name="sendto_subject">'Erklæring om teknisk dokumentation'</url-parameter>
                <url-parameter name="sendto_content">'Vi bekræfter modtagelsen af erklæring om teknisk dokumentation.
Såfremt alle byggetilladelsens dokumentationskrav er opfyldte og relevant dokumentation sendt til kommunen, kan din byggesag herefter forventes at blive afsluttet.

Mvh.
Venlig hilsen
Randers Kommune'</url-parameter>
                <!-- <url-parameter name="sendto_attached">'dokumentation.pdf;[cbinfo.wwwroot.dir]/formular/kvitteringer/'+formular+'_'+frid+'.pdf'</url-parameter> -->
            </url-parameters>
        </data>
    </page>
	<page name="formular.send.erklaering_teknisk_doku.mail.intern" contenttype="application/json" sessionrequired="true">
        <data handler="datasource" operation="execute-command">
            <url-parameters>
                <url-parameter name="datasource" value="mailsender"/>
                <url-parameter name="command" value="sendmail"/>
                <url-parameter name="sendto_ref">frid+'_2'</url-parameter>
                <url-parameter name="sendto_email">'to:byggesag@randers.dk'</url-parameter>
                <url-parameter name="sendto_subject">'Nye erklæringsdata for sag:' + journalnr</url-parameter>
                <url-parameter name="sendto_content">'Sagsbehandler: ' + sagsbehandler</url-parameter>
                <!-- <url-parameter name="sendto_attached">'dokumentation.pdf;[cbinfo.wwwroot.dir]/formular/kvitteringer/'+formular+'_'+frid+'.pdf'</url-parameter> -->
            </url-parameters>
        </data>
    </page>


	<page name="formular.send.erklaering_teknisk_doku.attach-doc" contenttype="application/json" sessionrequired="true">
		<data handler="dk.septima.integration.sbsys.SbsysHandler" operation="attach">
			<url-parameters>
				<url-parameter name="brugerid">sbsys_brugerid</url-parameter>
				<url-parameter name="type" value="InternalDocument"/>
				<url-parameter name="titel">'Erklæring om teknisk dokumentation'</url-parameter>
				<url-parameter name="journalbeskrivelse" value="i kabinetskab"/>				
				<url-parameter name="oprettetdato" value="!now"/>								
				<url-parameter name="oprettetaf" value="demo1"/>								
				<url-parameter name="filsti">'[module.formular.pdf.dir]/'+formular+'_'+frid+'.pdf'</url-parameter> 
				<url-parameter name="sagsnummer">frid</url-parameter>			
			</url-parameters>
		</data>
	</page>

</pages>