<?xml version="1.0" encoding="UTF-8"?>
<config>
   <formular name="arrangement150">
        <header>Ansøgning om afvikling af indendørs arrangementer for mere end 150 personer</header>
        <subheader>Lovgivning: Bekendtgørelse nr. 212 af 27. marts 2008 om driftsmæssige forskrifter for hoteller m.v., plejeinstitutioner,
forsamlingslokaler, undervisningslokaler, daginstitutioner og butikker.
</subheader>
        <!-- <submitpage>formular.send.arrangement150.oldfashion</submitpage> -->

		<submitpages> 
			<page parser="setFrid" condition="jQuery('#journr').val() == ''" errortype="error" errormessage="Fejl i skabelse af SBSYS sag">sbsys.arrangement150.create-case</page>
			<page parser="setFrid" urlparam="journalnr" errortype="error" errormessage="Fejl i hentning af SBSYS sag">sbsys.arrangement150.journalNr</page>
			
			<page errortype="error" errormessage="Fejl i gemning af data">formular.send.arrangement150.save</page>
			<page parser="setPdf" errortype="warning" errormessage="Fejl i skabelse af PDF">formular.send.arrangement150.pdf</page>
            <!-- Denne del (move) er general - den skal der ikke pilles ved -->
			<page errortype="warning" errormessage="Fejl i flytning af PDF" >formular.move.pdf</page>
            <page errortype="warning" errormessage="Fejl i tilkobling af PDF til SBSYS" >sbsys.arrangement150.attach-document</page>
			<page errortype="warning" errormessage="Fejl i tilkobling af pladsdokumentation til SBSYS" >sbsys.arrangement150.attach-document.plads</page>
			<page errortype="warning" errormessage="Fejl i tilkobling af branddokumentation til SBSYS" >sbsys.arrangement150.attach-document.brand</page>
			<page errortype="warning" errormessage="Fejl i afsendelse af mail" >formular.send.arrangement150.mail</page>
        </submitpages>

        <!-- <reportmapscale>500</reportmapscale> -->
        <reportprofile>beredskab_formular</reportprofile>
        <reportlayers>default</reportlayers>
	   	<js>/js/custom/arrangement150.js</js>
		<css>/css/custom/arrangement150.css</css>
        <reportxsl>arrangement150</reportxsl>
		<messages>
			<message name="done">Ansøgningen er nu registreret. Du vil modtage en kopi af din ansøgning i din mailboks&lt;br/&gt;Du kan også åbne kvitteringen &lt;a href=&quot;{{pdf}}&quot; target=&quot;_blank&quot;&gt;her&lt;/a&gt;</message>
			<message name="error">Der er opstået en fejl! Send os venligst en besked via &lt;a href=&quot;mailto:selvbetjeningssupport@randers.dk&quot;&gt;denne adresse&lt;/a&gt;</message>
		</messages>

        <tabs class="smalltabs">true</tabs>
        <content displayname="Antal deltager">
            <input type="hidden" urlparam="pdfheadertext1" defaultvalue="Dette er en tekst, der skal sættes ind i kviteringen."/>
			<input type="hidden" id="dagsdato" urlparam="dagsdato" defaultvalue="-" />
			
            <input type="input" displayname="Antal personer:" urlparam="antalpersoner" regexp="^(1[5-9][0-9]|[2-9][0-9][0-9]|[0-9]{4,6})$" validate="Antallet af personer overstiger ikke 150 så du skal ikke søge byrådet om tilladelse efter Bekendtgørelse nr. 212 af 27 marts 2008"/> 
        </content>  
        <content displayname="Hvor og hvad">
            <input type="text" displayname=" "/>
			<input type="hidden" id="arttekst" urlparam="art" defaultvalue="-"/>
			<input type="hidden" id="stedtekst" urlparam="sted" defaultvalue="-"/>
			<input type="hidden" id="bsikmail" urlparam="bsikmail" defaultvalue="omrvest@bsik.dk" />
			<input type="text" displayname="Fremsøg stedet via vejnavn og husnummer:"/>
			<geosearch urlparam="address" displayname="Adresse:" resources="Adresser" filter="muncode0730,muncode0706,muncode0710,muncode0707" usegeometry="true" regexp="[a-zæøå]" validate="Det skal være indtastet en adresse!"/>

            <input type="text" displayname=" "/>
            <input type="text" displayname="Tryk på ikonet lige over kortet og marker, hvor arrangementet skal finder sted."/>
            <maptools>
                <maptool name="point"/>               
            </maptools>
            <map multiplegeometries="false" required="true">
                <extent>539430.4,6237856,591859.2,6290284.8</extent>
                <resolutions>0.2,0.4,0.8,1.6,3.2,6.4,12.8,25.6,51.2,102.4</resolutions>
                <themes>
                    <!-- <theme host="//tile2.randers.dk/service/wms" name="theme-luftfoto"/> -->
					<theme name="theme-gst-dtkskaerm-sh" host="/wms?servicename=beredskab"/>
                </themes>
            </map>
            <conflicts urlparam="konflikttekst1" displayname="Det ansøgte vedrører følgende ejendom(e):" targerset="ejendom"/>
            <conflicts urlparam="konflikttekst2" displayname="Ejendomsinformationer:" targerset="ejendomhovedejer"/>
            <area urlparam="areal" displayname="Areal:" onchange="settekst();" condition="jQuery('#art').val() == 'bla'"/> 
            <input type="text" displayname=" "/>
            <input type="text" displayname=" "/>
			<input type="hidden" urlparam="frid" id="frid"/>
			<input type="input" displayname="Journalnummer" urlparam="journr" id="journr" condition="jQuery('#journr').val() != ''"/>
            <input type="dropdown" displayname="Arrangementets art:" urlparam="artvalg" id="art" onchange="settekst();">
                <option value="Vælg" name="Vælg"/>
                <option value="Skolefest" name="Skolefest"/>
                <option value="Firmafest" name="Firmafest"/>
                <option value="Juletræsfest" name="Juletræsfest"/>
                <option value="Institutionsfest" name="Institutionsfest"/>                
                <option value="Udstilling" name="Udstilling"/>
                <option value="Messe" name="Messe"/>
                <option value="Koncert" name="Koncert"/>
                <option value="Foredrag" name="Foredrag"/>
                <option value="Andet" name="Andet"/>
            </input> 
            <input type="input" displayname="Andet arrangement:" urlparam="artandet"  id="artAndet" condition="jQuery('#art').val() == 'Andet'" onkeyup="settekst();"/>
            
			<input type="dropdown" displayname="Arrangementets sted:" urlparam="stedvalg" id="sted" onchange="settekst();">
                <option value="Vælg" name="Vælg"/>
                <option value="Forsamlingshus" name="Forsamlingshus"/>
                <option value="Skole" name="Skole"/>
                <option value="Idrætshal" name="Idrætshal"/>
                <option value="Erhvervslokale" name="Erhvervslokale"/>
                <option value="Andet" name="Andet"/>
            </input>	
            <input type="input" displayname="Andet sted:" urlparam="stedandet"  id="stedAndet" condition="jQuery('#sted').val() == 'Andet'" onkeyup="settekst();"/>
            <input type="dropdown" id="kommune" displayname="Hvilken kommune:" urlparam="kommune" regexp=".+" onchange="setMail();">
                <option value=" " name="VÆLG"/>
                <option value="randers" name="Randers"/>
                <option value="favrskov" name="Favrskov"/>
				<option value="norddjurs" name="Norddjurs"/>
				<option value="syddjurs" name="Syddjurs"/>
            </input>

            <input id="date1" type="date" displayname="Startdato:" urlparam="startdato" onkeyup="formular.countDays(jQuery('#date1').val(),jQuery('#date2').val(),'days')" onchange="formular.countDays(jQuery('#date1').val(),jQuery('#date2').val(),'days')"/>
            <input id="date2" type="date" displayname="Slutdato:" urlparam="slutdato" onkeyup="formular.countDays(jQuery('#date1').val(),jQuery('#date2').val(),'days')" onchange="formular.countDays(jQuery('#date1').val(),jQuery('#date2').val(),'days')"/>
            <input id="days" type="input" displayname="Antal dage:" urlparam="antal_dage"/>
            <input type="input" displayname="Start tidspunkt:" urlparam="start_tid" regexp=".+" validate="Indtast arrangementets starttidspunkt!"/>
            <input type="input" displayname="Slut tidspunkt:" urlparam="slut_tid" regexp=".+" validate="Indtast arrangementets sluttidspunkt!"/>
            </content>  
        <content displayname="Kontaktoplysninger">
            <input type="text" displayname="Ansvarlig for arrangement:"/>
            <input type="input" displayname="Navn:" urlparam="navn" regexp=".+" validate="Indtast navn!"/>
            <input type="input" displayname="Adresse:" urlparam="adresseansvarlig" regexp=".+" validate="Indtast adresse!"/>
            <input type="input" displayname="E-mail:" id="email1" urlparam="email" regexp="[a-z0-9!#$%'*+/=?^_`{|}~-]+(?:\.[a-z0-9!#$%'*+/=?^_`{|}~-]+)*@(?:[a-z0-9](?:[a-z0-9-]*[a-z0-9])?\.)+[a-z0-9](?:[a-z0-9-]*[a-z0-9])?" validate="Indtast mailadresse!"/>
            <input type="text" displayname="Indtast e-mail igen, for at verificere:"/>
            <input type="input" displayname="E-mail:" id="email2" urlparam="email" onkeyup="formular.compare('email1','email2','De to skal være ens')"  regexp=".+" validate="Gentag mailadresse!"/>
            <input type="input" displayname="Tlf. nr.:" urlparam="tlf" regexp=".+" validate="Indtast telefonnummer!"/>
            <input type="text" displayname=" "/>
<!--            <input type="text" displayname="Du skal vedhæfte Brand- og Evakueringsinstruks (eksempel kan ses under hjælp)"/>
            <input type="file" displayname="Vedhæft fil:" urlparam="filnavn"/> -->
            <input type="text" displayname=" "/>
        </content>  
        <content displayname="Vedhæft bilag og send">
            <input type="text" displayname="Du skal vedhæfte pladsfordelingsplan:"/>
            <input type="file" displayname="Vedhæft fil:" urlparam="filnavn2" regexp=".+" />
            <input type="text" displayname="Du skal vedhæfte Brand- og Evakueringsinstruks:"/>
            <input type="file" displayname="Vedhæft fil:" urlparam="filnavn" regexp=".+" />
            <confirm displayname="Følgende oplysninger er indtastet. Er det korrekt?"/>
			<submitbutton displayname="Ansøg om telt til dette arrangement" function="handleContinue();"/>
        </content>  
   </formular>

</config>