<?xml version="1.0" encoding="ISO-8859-1"?>
<presentation>
    <text name="overskrift" plural="Parkering, privat" value="Parkering, privat"/>
    <columns>
        <column format="heading">
            <label>'Heading-label'</label>
            <value>'Data'</value>
        </column>
        <column name="">
            <label>'Bygherre:'</label>
            <value>bygherre</value>
        </column>
        <column name="">
            <label>'VVS mester:'</label>
            <value>vvs_mester</value>
        </column>
        <column name="">
            <label>'Kommentar:'</label>
            <value>kommentar</value>
        </column>
        <column name="">
            <label>'Dato:'</label>
            <value>dato</value>
        </column>
        <column name="">
            <label>'Tegning:'</label>
            <value> if skitse='' then 'Ingen tegning' else '&lt;a target="_blank_" href="http://webkort.randers.dk/formular/upload/' + skitse + '"&gt;Link til tegning&lt;/a&gt;' endif</value>
        </column>
        <column format="org-pcolid">
            <label>if IsDefined(shape_wkt) then GeometryType(shape_wkt) else "GEOMETRY UNDEFINED" endif</label>
            <value>pcolid</value>
        </column>
    </columns>
</presentation>
