<?xml version="1.0" encoding="ISO-8859-1"?>
<presentation>
    <text name="overskrift" plural="Skoledistrikter" value="Skoledistrikt:"/>
    <columns>
        <column name="">
            <label><![CDATA[
                '<table>
                    <tr>
                        <td colspan="3"><b></b></td>
                    </tr>
                    <tr>
                        <td><b>0 6 klasse:</b></td>
                        <td></td>
                    </tr>
                    <tr>
                        <td>Skoledistrikt:</td>
                        <td></td>
                        <td>'+Ny_struktur_0_6+'</td>
                    </tr>
                    <tr>
                        <td>Skoledistrikt nr.:</td>
                        <td></td>
                        <td>'+nr+'</td>
                    </tr>
                </table>'
            ]]></label>
            <value></value>
        </column>
	</columns>
 <!--   <columns>
        <column format="heading">
            <label></label>
            <value>SKOLE</value>
        </column>
        <column>
            <label>'Skoledistrikt: '</label>
            <value>SKOLENR</value>
        </column> 
 
        <column format="org-pcolid">
            <label>if IsDefined(shape_wkt) then GeometryType(shape_wkt) else "GEOMETRY UNDEFINED" endif</label>
            <value>pcolid</value>
        </column> -->
        <!--    <column format="imageURL">
          <condition>IsDefinedAndTrue ("hitimages.include")</condition>
          <label>'hitImage'</label>
          <value>CreateMapFromGeometry (profile, shape_wkt ,layers, hitimages.imagesize, hitimages.displaybuffer, "", hitimages.dynlayerprefix + '*')</value>
        </column>

    </columns>-->
</presentation>
