<?xml version="1.0" encoding="ISO-8859-1"?>
<presentation>
    <text name="overskrift" plural="Lejede bygninger" value="Lejede bygninger"/>
     <columns>
        <column format="heading">
            <label>lejemaal_adresse</label>
            <value>lejemaal_adresse</value>
        </column>

        <column name="">
            <label>'Form�l'</label>
            <value>formaal</value>
        </column>
        <column name="">
            <label>'Type'</label>
            <value>leje_type</value>
        </column>
    </columns>
</presentation>
