<?xml version="1.0" encoding="ISO-8859-1"?>
<presentation>
    <text name="overskrift" plural="Byggesagbehandlere_dq" value="Byggesagbehandler_dq"/>
    <columns>
        <column name="">
            <label>'dq:'</label>
            <value>dq_nummer</value>
        </column>
        <column name="">
            <label>'sagsbehandler:'</label>
            <value>sagsbehandler</value>
        </column>
	</columns>
 <!--   <columns>
        <column format="heading">
            <label>'Byggesagbehandlere: ' </label>
            <value>sagsbehandler</value>
        </column>
        <column name="">
            <label>'Sagsbehandler: ' </label>
            <value>sagsbehandler</value>
        </column>
        <column name="">
            <label>'Email: ' </label>
            <value>email</value>
        </column>
        <column name="">
            <label>'Tlf nr: '</label>
            <value>tlf_nr</value>
        </column>
         <column name="">
            <label>'Rum nr: '</label>
            <value>rum_nr</value>
        </column>
          <column format="hyperlink">
            <label>'Send email til sagsbehandleren: '</label>
            <value>'mailto:'+email</value>
        </column>
          <column format="org-pcolid">
            <label>if IsDefined(shape_wkt) then GeometryType(shape_wkt) else "GEOMETRY UNDEFINED" endif</label>
            <value>pcolid</value>
        </column>
     </columns>-->
</presentation>
