<?xml version="1.0" encoding="ISO-8859-1"?>
<presentation>
    <text name="overskrift" plural="forbud" value="forbud"/>
    <columns>
        <column format="heading">
            <label></label>
            <value>'Registreringsnummer:' + registreringsnr</value>
        </column>
        <column name="">
            <label>'Startdato'</label>
            <value>startdato</value>
        </column>
        <column name="">
            <label>'Antal dage'</label>
            <value>dage</value>
        </column>
<!--
v_navn
        <column name="">
            <label>'Ejendomsnr: '+esr_ejdnr</label>
            <value></value>
        </column>
-->
    </columns>
</presentation>
