<?xml version="1.0" encoding="ISO-8859-1"?>
<presentation>
    <text name="overskrift" plural="Tilsyn FBB" value="Tilsyn FBB"/>
    <columns>

        <column format="heading">
            <label>'Tilsyn FBB'</label>
            <value>adresse</value>
        </column>
		<column name="">
            <label>'Adresse:'</label>
            <value>adresse</value>
        </column>
		<column name="">
            <label>'Konflikttekst1:'</label>
            <value>konflikttekst1</value>
        </column>
        <column name="">
            <label>'Oprindelig fuktion:'</label>
            <value>oprindelig_fuktion</value>
        </column>
        <column name="">
            <label>'Nuvaerende fuktion:'</label>
            <value>nuvaerende_fuktion</value>
        </column>
        <column name="">
            <label>'komplekstype:'</label>
            <value>Komplekstype</value>
        </column>
       	<column name="">
            <label>'Omgivelser:'</label>
            <value>omgivelser</value>
        </column>
		<column name="">
            <label>'Bebyggelsesmilj�:'</label>
            <value>bebyggelsesmiljo</value>
        </column>
		<column name="">
            <label>'Arkitektonisk:'</label>
            <value>arkitektonisk</value>
        </column> 
    </columns>
</presentation>
