<?xml version="1.0" encoding="ISO-8859-1"?>
<presentation>
    <text name="B�rnedistrikter" plural="ds_bornedistrikter" value="ds_bornedistrikter"/>
    <columns>
 <!--       <column format="heading">
            <value>boernedist</value>
        </column>-->
        <column>
            <label>'B�rnedistrikt:  '</label>
            <value>boernedist</value>
        </column>
<!--         <column format="org-pcolid">
            <label>if IsDefined(shape_wkt) then GeometryType(shape_wkt) else "GEOMETRY UNDEFINED" endif</label>
            <value>pcolid</value>
        </column> -->
    </columns>
</presentation>
