<?xml version="1.0" encoding="ISO-8859-1"?>
<presentation>
    <text name="overskrift" plural="Erkl�ring om, at beholder tages ud af drift" value="Erkl�ring om, at beholder tages ud af drift"/>
    <columns>
        <column format="heading">
            <label>address</label>
            <value>address</value>
        </column>
        <column name="">
            <label>'Adresse:'</label>
            <value>address</value>
        </column>
        <column name="">
            <label>'Beholdertype:'</label>
            <value>beholdertype</value>
        </column>
        <column name="">
            <label>'Beholderens anvendelse:'</label>
            <value>anvendelse</value>
        </column>
        <column name="">
            <label>'Rengjort'</label>
            <value>rengjort</value>
        </column>
        <column name="">
            <label>'Uanvendelig:'</label>
            <value>uanvendelig</value>
        </column>
        <column name="">
            <label>'Hvis nej - hvorfor ikke:'</label>
            <value>ikke</value>
        </column>
        <column name="">
            <label>'BBR nummer:'</label>
            <value>bbr_nummer</value>
        </column>
        <column name="">
            <label>'Navn:'</label>
            <value>navn</value>
        </column>
        <column name="">
            <label>'E-mail:'</label>
            <value>email</value>
        </column>
        <column name="">
            <label>'Tlf. nr:'</label>
            <value>tlf</value>
        </column>
        <column format="org-pcolid">
            <label>if IsDefined(shape_wkt) then GeometryType(shape_wkt) else "GEOMETRY UNDEFINED" endif</label>
            <value>pcolid</value>
        </column>
    </columns>
</presentation>
