<?xml version="1.0" encoding="ISO-8859-1"?>
<presentation>
    <text name="overskrift" plural="Ans�gning om afvikling af arrangementer for mere en 150 personer" value="Ans�gning om afvikling af arrangementer for mere en 150 personer"/>
    <columns>
        <column format="heading">
            <label>address</label>
            <value>address</value>
        </column>
        <column name="">
            <label>'Adresse:'</label>
            <value>address</value>
        </column>
        <column name="">
            <label>'Matrikel:'</label>
            <value>konflikttekst1</value>
        </column>
        <column name="">
            <label>'Ejer:'</label>
            <value>konflikttekst2</value>
        </column>
        <column name="">
            <label>'Afvikling af:'</label>
            <value>art</value>
        </column>
        <column name="">
            <label>'Arrangementet begynder d.:'</label>
            <value>startdato+' kl. '+start_tid</value>
        </column>
        <column name="">
            <label>'Arrangementet slutter d.'</label>
            <value>slutdato+' kl. '+slut_tid</value>
        </column>
        <column name="">
            <label>'Antal personer:'</label>
            <value>antalpersoner</value>
        </column>
        <column name="">
            <label>'Sted:'</label>
            <value>sted</value>
        </column>
        <column name="">
            <label>'Navn:'</label>
            <value>navn</value>
        </column>
        <column name="">
            <label>'E-mail:'</label>
            <value>email</value>
        </column>
        <column name="email" format="hyperlink">
            <label>email</label>
            <value>'mailto:'+email</value>
        </column>
        <column name="">
            <label>'Tlf. nr:'</label>
            <value>tlf</value>
        </column>
        <column format="org-pcolid">
            <label>if IsDefined(shape_wkt) then GeometryType(shape_wkt) else "GEOMETRY UNDEFINED" endif</label>
            <value>pcolid</value>
        </column>
    </columns>
</presentation>
