<?xml version="1.0" encoding="ISO-8859-1"?>
<presentation>
    <text name="overskrift" plural="bes_naturtyper" value="bes_naturtyper"/>
    <columns>
        <column format="heading">
            <value>objekttkst</value>
        </column>
<!--        <column>
            <label>'OBJECTID'</label>
            <value>OBJECTID</value>
            <condition>IsDefined(OBJECTID)</condition>
        </column>
        <column>
            <label>'Temakode'</label>
            <value>Temakode</value>
            <condition>IsDefined(Temakode)</condition>
        </column>
        <column>
            <label>'Temanavn'</label>
            <value>Temanavn</value>
            <condition>IsDefined(Temanavn)</condition>
        </column>
        <column>
            <label>'Objekt_id'</label>
            <value>Objekt_id</value>
            <condition>IsDefined(Objekt_id)</condition>
        </column>
        <column>
            <label>'Version_id'</label>
            <value>Version_id</value>
            <condition>IsDefined(Version_id)</condition>
        </column>
        <column>
            <label>'Systid_fra'</label>
            <value>Systid_fra</value>
            <condition>IsDefined(Systid_fra)</condition>
        </column>
        <column>
            <label>'Oprettet'</label>
            <value>Oprettet</value>
            <condition>IsDefined(Oprettet)</condition>
        </column>
        <column>
            <label>'Statuskode'</label>
            <value>Statuskode</value>
            <condition>IsDefined(Statuskode)</condition>
        </column>-->
        <column>
            <label>'Status:  '</label>
            <value>Status</value>
            <condition>IsDefined(Status)</condition>
        </column>
   <!--     <column>
            <label>'Off_kode'</label>
            <value>Off_kode</value>
            <condition>IsDefined(Off_kode)</condition>
        </column>
        <column>
            <label>'Offentlig'</label>
            <value>Offentlig</value>
            <condition>IsDefined(Offentlig)</condition>
        </column>
        <column>
            <label>'CVR_kode'</label>
            <value>CVR_kode</value>
            <condition>IsDefined(CVR_kode)</condition>
        </column>
        <column>
            <label>'CVR_navn'</label>
            <value>CVR_navn</value>
            <condition>IsDefined(CVR_navn)</condition>
        </column>
        <column>
            <label>'Natyp_kode'</label>
            <value>Natyp_kode</value>
            <condition>IsDefined(Natyp_kode)</condition>
        </column>
        <column>
            <label>'Natyp_navn'</label>
            <value>Natyp_navn</value>
            <condition>IsDefined(Natyp_navn)</condition>
        </column>
        <column>
            <label>'Aendr_kode'</label>
            <value>Aendr_kode</value>
            <condition>IsDefined(Aendr_kode)</condition>
        </column>
        <column>
            <label>'Aendrbegr'</label>
            <value>Aendrbegr</value>
            <condition>IsDefined(Aendrbegr)</condition>
        </column> -->
<!--         <column format="org-pcolid">
            <label>if IsDefined(shape_wkt) then GeometryType(shape_wkt) else "GEOMETRY UNDEFINED" endif</label>
            <value>pcolid</value>
        </column> -->
    </columns>
</presentation>
