<?xml version="1.0" encoding="ISO-8859-1"?>
<presentation>
    <text name="overskrift" plural="Anmeldelse af garage, carport, udhus m.v." value="Anmeldelse af garage, carport, udhus m.v."/>
    <columns>
        <column format="heading">
            <label>address</label>
            <value>address</value>
        </column>
        <column name="">
            <label>'Adresse:'</label>
            <value>address</value>
        </column>
        <column name="">
            <label>'Areal:'</label>
            <value>areal+' m2'</value>
        </column>
        <column name="">
            <label>'Opf�relse af:'</label>
            <value>hvad</value>
        </column>
        <column name="">
            <label>'Materiale:'</label>
            <value>materiale</value>
        </column>
        <column name="">
            <label>'Farve:'</label>
            <value>farve</value>
        </column>
        <column name="">
            <label>'Navn:'</label>
            <value>navn</value>
        </column>
        <column name="">
            <label>'E-mail:'</label>
            <value>email</value>
        </column>
        <column name="">
            <label>'Tlf. nr:'</label>
            <value>tlf</value>
        </column>
        <column format="org-pcolid">
            <label>if IsDefined(shape_wkt) then GeometryType(shape_wkt) else "GEOMETRY UNDEFINED" endif</label>
            <value>pcolid</value>
        </column>
    </columns>
</presentation>
