<?xml version="1.0" encoding="ISO-8859-1"?>
<presentation>
    <text name="overskrift" plural="Matrikelkorthovedejer" value="Matrikelkorthovedejer"/>
    <columns>
        <column name="">
            <label>'Grund ID: '+ grund_id</label>
            <value></value>
        </column>
        <column name="">
            <label>'Anvendelse: '+byg_anvend_kode_t</label>
            <value></value>
        </column>
        <column name="">
            <label>'Bygning ID: '+ bygning_id</label>
            <value></value>
        </column>
        <column name="">
            <label>'Bygnings nr: '+ bygningsnr</label>
            <value></value>
        </column>
        <column name="">
            <label>'Opf�rt: '+ opfoerelse_aar</label>
            <value></value>
        </column>
        <column name="">
            <label>'Ombygget: '+ ombyg_aar</label>
            <value></value>
        </column>
    </columns>
</presentation>
