<?xml version="1.0" encoding="ISO-8859-1"?>
<presentation>
    <text name="overskrift" plural="Lokalplan" value="Lokalplan"/>
    <columns>
        <column name="">
            <label><![CDATA[
                '<table>
                    <tr>
                        <td>PLANNR:</td>
                        <td></td>
                        <td>'+plannr+'</td>
                    </tr>
                </table>'
            ]]></label>
            <value></value>
        </column>
        <column name="37" format="hyperlink">
            <condition>isDefined(doklink)</condition>
            <label>'Plandokument'</label>
            <value>tostring(doklink)</value>
        </column>
	</columns>

  <!--  <columns>
        <column format="heading">
            <label>vandvaerk</label>
            <value>vandvaerk</value>
        </column> 
        <column name="">
            <label>'Firma:'</label>
            <value>firma_navn</value>
        </column>
        <column name="">
            <label>'Kontakt person:'</label>
            <value>kontakt_person</value>
        </column>
        <column name="">
            <label>'Telefon:'</label>
            <value>telefonnummer</value>
        </column>
        <column format="hyperlink">
            <condition>isDefined(hjemmeside)</condition>
            <label>'Hjemmeside:'</label>
            <value>'http://'+hjemmeside</value>
        </column>

        <column format="org-pcolid">
            <label>if IsDefined(shape_wkt) then GeometryType(shape_wkt) else "GEOMETRY UNDEFINED" endif</label>
            <value>pcolid</value>
        </column
    </columns>>-->
</presentation>
