<?xml version="1.0" encoding="ISO-8859-1"?>
<presentation>
    <text name="overskrift" plural="nedsivning" value="nedsivning"/>
    <columns>
        <column format="heading">
			<label></label>
            <value>ejd_adresse</value>
        </column>
        <column name="">
            <label>'Ejers navn:'</label>
            <value>ejers_navn</value>
        </column>
        <column name="">
            <label>'Benyttelse: '</label>
            <value>benyttelse</value>
        </column>
        <column name="">
            <label>'Journalnummer: '</label>
            <value>journalnr</value>
        </column>
    </columns>
</presentation>
