<?xml version="1.0" encoding="ISO-8859-1"?>
<presentation>
    <text name="overskrift" plural="Borgerm�de" value="Borgerm�de"/>
    <columns>
        <column name="">
            <label>'Navn:'</label>
            <value>navn</value>
        </column>
        <column name="">
            <label>'Adresse:'</label>
            <value>adreses</value>
        </column>
        <column name="">
            <label>'Tlfnr:'</label>
            <value>tlfnr</value>
        </column>
        <column name="">
            <label>'Antal:'</label>
            <value>antal</value>
        </column>
		<column name="">
            <label>'Email:'</label>
            <value>email</value>
        </column>
		<column name="">
            <label>'Postnr:'</label>
            <value>postnr</value>
        </column>
		<column name="">
            <label>'Venteliste:'</label>
            <value>venteliste</value>
        </column>
		<column name="">
            <label>'Afmeld:'</label>
            <value>afmeld</value>
        </column>
    </columns>
</presentation>
