<?xml version="1.0" encoding="ISO-8859-1"?>
<presentation>
    <text name="overskrift" plural="Matrikelkort" value="Matrikelkort"/>
    <columns>
        <column name="">
            <label>'Matrikelnummer:'+matrnr</label>
            <value></value>
        </column>
        <column name="">
            <label>'Ejerlav:'+elavsnavn</label>
            <value></value>
        </column>
        <column name="">
            <label>'Ejendomsnr:'+sfe_ejdnr</label>
            <value></value>
        </column>
        <column name="">
            <label>'Ejerlavskode:'+elavskode</label>
            <value></value>
        </column>
        <column name="">
            <label>'Sognekode:'+sognkode</label>
            <value></value>
        </column>
	</columns>
</presentation>
