<?xml version="1.0" encoding="ISO-8859-1"?>
<presentation>
    <text name="overskrift" plural="Midlertidlige overnatninger" value="Midlertidlige overnatninger"/>
    <columns>
        <column format="heading">
            <label>address</label>
            <value>address</value>
        </column>
        <column name="">
            <label>'Adresse:'</label>
            <value>address</value>
        </column>
        <column name="">
            <label>'Stedetsnavn:'</label>
            <value>stedetsnavn</value>
        </column>
        <column name="">
            <label>'Ankomst dato:'</label>
            <value>date1</value>
        </column>
        <column name="">
            <label>'Afrejse dato:'</label>
            <value>date2</value>
        </column>
        <column name="">
            <label>'Antal dage:'</label>
            <value>antal_dage</value>
        </column>
        <column name="">
            <label>'Ankommer kl.:'</label>
            <value>startkl</value>
        </column>
        <column name="">
            <label>'Afrejse kl.:'</label>
            <value>slutkl</value>
        </column>
        <column name="">
            <label>'Lokale/lokale nr.:'</label>
            <value>lokale</value>
        </column>
        <column name="">
            <label>'Antal voksne:'</label>
            <value>antalvoksne</value>
        </column>
        <column name="">
            <label>'Antal b�rn:'</label>
            <value>antalboern</value>
        </column>
        <column name="">
            <label>'Evt. bilag:'</label>
            <value> if bilag='Ikke oplyst' then 'Ingen bilag' else '&lt;a target="_blank_" href="http://webkort2.randers.dk/formular/upload/' + bilag + '"&gt;Link til bilag&lt;/a&gt;' endif</value>
        </column>
        <column name="">
            <label>'Navn p� ansvarlig:'</label>
            <value>ansvarlig</value>
        </column>
        <column name="">
            <label>'Ansvarlig mobil nr.:'</label>
            <value>ansvarligmobilnr</value>
        </column>
        <column format="org-pcolid">
            <label>if IsDefined(shape_wkt) then GeometryType(shape_wkt) else "GEOMETRY UNDEFINED" endif</label>
            <value>pcolid</value>
        </column>
    </columns>
</presentation>
