<?xml version="1.0" encoding="ISO-8859-1"?>
<presentation>
    <text name="overskrift" plural="nedsivning" value="nedsivning"/>
    <columns>
        <column format="heading">
            <label>'Journalnummer:'</label>
            <value>journalnr</value>
        </column>
        <column format="">
            <label>'Ejers adresse:'</label>
            <value>ejers_adresse</value>
        </column>
        <column format="">
            <label>'Ejers navn:'</label>
            <value>ejers_navn</value>
        </column>
        <column format="">
            <label>'Ejendommens adresse:'</label>
            <value>ejd_adresse</value>
        </column>		
    </columns>
</presentation>
