<?xml version="1.0" encoding="ISO-8859-1"?>
<presentation>
    <text name="overskrift" plural="Matrikelkorthovedejer" value="Matrikelkorthovedejer"/>
    <columns>
        <column name="">
            <label>'Ejer: '+anavn</label>
            <value></value>
        </column>
        <column name="">
            <label>'Adresse: '+ aadress +','+apost</label>
            <value></value>
        </column>
<!--         <column name="">
            <label>'ID: '+ ogc_fid</label>
            <value></value>
        </column>
 -->    </columns>
</presentation>
