<?xml version="1.0" encoding="ISO-8859-1"?>
<presentation>
    <text name="overskrift" plural="Byggesagbehandlere" value="Byggesagbehandler"/>
    <columns>
        <column name="">
            <label><![CDATA[
                '<table>
                    <tr>
                        <td>Sagsbehandler:</td>
                        <td></td>
                        <td>'+sagsbehandler+'</td>
                    </tr>
                    <tr>
                        <td>Email:</td>
                        <td></td>
                        <td>'+email+'</td>
                    </tr>
                    <tr>
                        <td>Tlf nr:</td>
                        <td></td>
                        <td>'+tlf_nr+'</td>
                    </tr>
                    <tr>
                        <td>Rum nr:</td>
                        <td></td>
                        <td>'+rum_nr+'</td>
                    </tr>	
                    <tr>
                        <td>anmeld p�begyndt og f�rdigmeld byggeri:</td>
                        <td></td>
                        <td>http://byggeri.randers.dk/FrontEnd.aspx?id=8483</td>
                    </tr>
                </table>'
            ]]></label>
            <value></value>
        </column>
	</columns>
 <!--   <columns>
        <column format="heading">
            <label>'Byggesagbehandlere: ' </label>
            <value>sagsbehandler</value>
        </column>
        <column name="">
            <label>'Sagsbehandler: ' </label>
            <value>sagsbehandler</value>
        </column>
        <column name="">
            <label>'Email: ' </label>
            <value>email</value>
        </column>
        <column name="">
            <label>'Tlf nr: '</label>
            <value>tlf_nr</value>
        </column>
         <column name="">
            <label>'Rum nr: '</label>
            <value>rum_nr</value>
        </column>
          <column format="hyperlink">
            <label>'Send email til sagsbehandleren: '</label>
            <value>'mailto:'+email</value>
        </column>
          <column format="org-pcolid">
            <label>if IsDefined(shape_wkt) then GeometryType(shape_wkt) else "GEOMETRY UNDEFINED" endif</label>
            <value>pcolid</value>
        </column>
     </columns>-->
</presentation>
