<?xml version="1.0" encoding="ISO-8859-1"?>
<presentation>
    <text name="overskrift" plural="Teamadistrikter" value="Teamadistrikter"/>
    
    
    <columns>
    
    

      <column name="">
        
            <value>'Teamdistrikt oplysninger:'</value>
        </column>
 
    

        <column name="">
        
            <label><![CDATA[
                '<table>
                    <tr>
                        <td>Teamdistrikt:</td>
                        <td></td>
                        <td>'+teamnavn+'</td>
                    </tr>

					<tr>
                        <td>Teamdistrikt:</td>
                        <td></td>
                        <td>'+teamnavn+'</td>
                    </tr>
                    <tr>
                        <td>Leder:</td>
                        <td></td>
                        <td>'+Leder+'</td>
                    </tr>
                    <tr>
                        <td>Mail til leder:</td>
                        <td></td>
                        <td><a href="mailto:'+email+'">'+email+'</a></td>
                    </tr>
                    <tr>
                        <td>Dag tlf.:</td>
                        <td></td>
                        <td>'+dagtlf+'</td>
                    </tr>
                    <tr>
                        <td>Aften tlf.:</td>
                        <td></td>
                        <td>'+aftentlf+'</td>
                    </tr>
                    <tr>
                        <td>Nat tlf.:</td>
                        <td></td>
                        <td>'+nattlf+'</td>
                    </tr>
                </table>'
            ]]></label>
        </column>
	</columns>   


</presentation>
