<?xml version="1.0" encoding="ISO-8859-1"?>
<presentation>
    <text name="overskrift" plural="Ejendomavancebeskatning" value="Ejendomavancebeskatning"/>
    <columns>
        <column format="heading">
			<label></label>
            <value>matrikelinfo</value>
        </column>
        <column format="">
            <label>'Firma:'</label>
            <value>firmanavn</value>
        </column>

		<column format="org-pcolid">
			<label>if IsDefined(shape_wkt) then GeometryType(shape_wkt) else "GEOMETRY UNDEFINED" endif</label>
			<value>pcolid</value>
		</column>

    </columns>
</presentation>
