<?xml version="1.0" encoding="ISO-8859-1"?>
<presentation>
    <text name="overskrift" plural="" value=""/>
    <columns>
        <column name="">
            <label><![CDATA[
                '<table>
                    <tr>
                        <td>Vandv�rk:</td>
                        <td>'+vandvaerk+'</td>
                    </tr>
                    
                    <tr>
                        <td>Hjemmeside:</td>
                        <td>Link:</td>
                        <td>'+hjemmeside+'</td>
                    </tr>
                    <tr>
                        <td>Formand:</td>
                        <td>Navn:</td>
                        <td>'+formand+'</td>
                    </tr>
                    <tr>
                        <td></td>
                        <td>Adresse:</td>
                        <td>'+formandadresse+'</td>
                    </tr>
                    <tr>
                        <td></td>
                        <td>Telefon:</td>
                        <td>'+Formandstlf+'</td>
                    </tr>
                    <tr>
                        <td></td>
                        <td>Mobiltelefon:</td>
                        <td>'+Formandsmobiltelefon+'</td>
                    </tr>
                    <tr>
                        <td></td>
                        <td>Email:</td>
                        <td>'+Formandsmail+'</td>
                    </tr>

                    <tr>
                        <td>Vandv�rkspasser/ bestyrer:</td>
                        <td>Navn:</td>
                        <td>'+vandverkspasser+'</td>
                    </tr>
                    <tr>
                        <td></td>
                        <td>Adresse:</td>
                        <td>'+vandverkspasseradresse+'</td>
                    </tr>
                    <tr>
                        <td></td>
                        <td>Telefon:</td>
                        <td>'+vandverkspassertlf+'</td>
                    </tr>
                    <tr>
                        <td></td>
                        <td>Mobiltelefon:</td>
                        <td>'+vandverkspassermobiltelefon+'</td>
                    </tr>
                    <tr>
                        <td></td>
                        <td>Email:</td>
                        <td>'+vandverkspassermail+'</td>
                    </tr>

                    <tr>
                        <td>Kasserer:</td>
                        <td>Navn:</td>
                        <td>'+kasserer+'</td>
                    </tr>
                    <tr>
                        <td></td>
                        <td>Adresse:</td>
                        <td>'+kassereradresse+'</td>
                    </tr>
                    <tr>
                        <td></td>
                        <td>Telefon:</td>
                        <td>'+kasserertlf+'</td>
                    </tr>
                    <tr>
                        <td></td>
                        <td>Mobiltelefon:</td>
                        <td>'+kasserermobiltelefon+'</td>
                    </tr>
                    <tr>
                        <td></td>
                        <td>Email:</td>
                        <td>'+Kasserermail+'</td>
                    </tr>
                </table>'
            ]]></label>
            <value></value>
        </column>
    </columns>
</presentation>
