<?xml version="1.0" encoding="ISO-8859-1"?>
<presentation>
    <text name="overskrift" plural="Teamadistrikter" value="Teamadistrikter"/>
    
    
    <columns>
    

        <column name="">
        
            <label><![CDATA[
                '<table>
                    <tr>
                        <td><b>Hjemmehj�lp distrikt:</b></td>
                        <td></td>
                        <td>'+teamnavn+'</td>
                    </tr>
                    <tr>
                        <td>Dag:</td>
                        <td></td>
                        <td>'+dagtlf+'</td>
                    </tr>
                    <tr>
                        <td>Aften:</td>
                        <td></td>
                        <td>'+aftentlf+'</td>
                    </tr>
                    <tr>
                        <td>Nat:</td>
                        <td></td>
                        <td>'+nattlf+'</td>
                    </tr>
                </table>'
            ]]></label>
        </column>
	</columns>   


</presentation>
