<?xml version="1.0" encoding="ISO-8859-1"?>
<presentation>
    <text name="overskrift" plural="Opstilling af stillads, lift, kran" value="Opstilling af stillads, lift, kran"/>
    <columns>
        <column format="heading">
            <label>'Opstilling af '+hvad</label>
            <value>'Opstilling af '+hvad</value>
        </column>
        <column name="">
            <label>'Adresse:'</label>
            <value>address</value>
        </column>
        <column name="">
            <label>'Opstilling af:'</label>
            <value>hvad</value>
        </column>
        <column name="">
            <label>'Arealet anvendes til:'</label>
            <value>anvendelse</value>
        </column>
        <column name="">
            <label>'Arealets st�rrelse:'</label>
            <value>areal+' m2'</value>
        </column>
        <column name="">
            <label>'Arbejdsopgave:'</label>
            <value>arbejdsopgave</value>
        </column>
        <column name="">
            <label>'Ops�tningsdato:'</label>
            <value>opstillingsdato</value>
        </column>
        <column name="">
            <label>'Nedtagningsdato:'</label>
            <value>nedtagningsdato</value>
        </column>
        <column name="">
            <label>'Antal dage:'</label>
            <value>antal_dage</value>
        </column>
        <column name="">
            <label>'Pris for lejeperioden:'</label>
            <value>pris+' kr.'</value>
        </column>
        <column name="">
            <label>'Navn:'</label>
            <value>navn</value>
        </column>
        <column name="">
            <label>'E-mail:'</label>
            <value>email</value>
        </column>
        <column name="">
            <label>'Tlf. nr:'</label>
            <value>tlf</value>
        </column>
        <column name="">
            <label>'ID-nummer til betaling:'</label>
            <value>ref</value>
        </column>  
        <column name="">
            <label>'Se kvittering:'</label>
            <value>'&lt;a target="_blank_" href="http://webkort.randers.dk/formular/kvitteringer/'+formular+'_'+ref+'.pdf'+'"&gt;Link til kvittering&lt;/a&gt;'</value>
        </column>
        <column format="org-pcolid">
            <label>if IsDefined(shape_wkt) then GeometryType(shape_wkt) else "GEOMETRY UNDEFINED" endif</label>
            <value>pcolid</value>
        </column>
    </columns>
</presentation>
