<?xml version="1.0" encoding="ISO-8859-1"?>
<presentation>
    <text name="overskrift" plural="landbrugssagsbehandler" value="landbrugssagsbehandler"/>
    <columns>
        <column name="">
            <label><![CDATA[
                '<table>
                    <tr>
                        <td>Sagsbehandler:</td>
                        <td></td>
                        <td>'+SAGSBEHANDLER+'</td>
                    </tr>
                    <tr>
                        <td>Afdeling:</td>
                        <td></td>
                        <td>'+AFDELING+'</td>
                    </tr>
                    <tr>
                        <td>Tlf nr:</td>
                        <td></td>
                        <td>'+TLF_NR+'</td>
                    </tr>
                    <tr>
                        <td>Rum nr:</td>
                        <td></td>
                        <td>'+RUM_NR+'</td>
                    </tr>	
                    <tr>
                        <td>Anmeldelse af slam:</td>
                        <td></td>
                        <td><a href="https://landbrug.randers.dk/FrontEnd.aspx?id=166752" target="_blank">Klik her</a></td>
                    </tr>
                </table>'
            ]]></label>
            <value></value>
        </column>
	</columns>   


   <!--<columns>
        <column format="heading">
            <label>" "</label>
            <value>SAGSBEHANDLER</value>
        </column>
        <column>
            <label>'Sagsbehandler:'</label>
            <value>SAGSBEHANDLER</value>
        </column>
        <column>
            <label>'Afdeling:'</label>
            <value>AFDELING</value>
        </column>
        <column>
            <label>'Tlf nr.:'</label>
            <value>TLF_NR</value>
        </column>
        <column>
            <label>'Rum nr.:'</label>
            <value>RUM_NR</value>
        </column>
        <column format="org-pcolid">
            <label>if IsDefined(shape_wkt) then GeometryType(shape_wkt) else "GEOMETRY UNDEFINED" endif</label>
            <value>pcolid</value>
        </column>
    <column format="imageURL">
          <condition>IsDefinedAndTrue ("hitimages.include")</condition>
          <label>'hitImage'</label>
          <value>CreateMapFromGeometry (profile, shape_wkt ,layers, hitimages.imagesize, hitimages.displaybuffer, "", hitimages.dynlayerprefix + '*')</value>
        </column>
     
    </columns>-->
</presentation>
