<?xml version="1.0" encoding="ISO-8859-1"?>
<presentation>
    <text name="overskrift" plural="Brandhaner (kopi)" value="Brandhaner (kopi)"/>
    <columns>
        <column name="">
            <label>'ID:'+ ogc_fid</label>
            <value></value>
        </column>
<!--
        <column name="">
            <label>'objekttype:'+objekttype</label>
            <value></value>
        </column>
-->
        <column name="">
            <label>'DGBkode:'+dbg_kode</label>
            <value></value>
        </column>
        <column name="">
            <label>'Type:'+ type</label>
            <value></value>
        </column>
        <column name="">
            <label>'Vandydelse:'+ vandydelse</label>
            <value></value>
        </column>
        <column name="">
            <label>'Tryk:'+ tryk</label>
            <value></value>
        </column>
        <column name="">
            <label>'Fabrikat:'+ fabrikat</label>
            <value></value>
        </column>
        <column name="">
            <label>'Rutenr:'+ rutenr</label>
            <value></value>
        </column>
        <column name="">
            <label>'Nrpaaruten:'+ nr_paa_ruten</label>
            <value></value>
        </column>
        <column name="">
            <label>'L�nses:'+ laenses</label>
            <value></value>
        </column>
        <column name="">
            <label>'Serviceventil:'+ service_ventil</label>
            <value></value>
        </column>
        <column name="">
            <label>'Forsyningsselskab:'+ forsyningsselskab</label>
            <value></value>
        </column>
        <column name="">
            <label>'Noter:'+ noter</label>
            <value></value>
        </column>
        <column name="">
            <label>'Placering:'+ placering</label>
            <value></value>
        </column>
        <column name="">
            <label>'Kortnr:'+ kortnr</label>
            <value></value>
        </column>

        <column name="">
            <label>'Ekoor:'+ e_koor</label>
            <value></value>
        </column>
        <column name="">
            <label>'Nkoor:'+ n_koor</label>
            <value></value>
        </column>
        <column name="">
            <label>'Objekttype:'+ objekttype</label>
            <value></value>
        </column>
        <column name="">
            <label>'Glbrandhanenr:'+ gl_brandhane_nr</label>
            <value></value>
        </column>
        <column name="">
            <label>'Brandhanenr:'+ brandhane_nr</label>
            <value></value>
        </column>
        <column name="">
            <label>'Bruger:'+ bruger_id</label>
            <value></value>
        </column>
        <column name="">
            <label>'�ndringsdato:'+ oprind_dato</label>
            <value></value>
        </column>

	</columns>
</presentation>
