<?xml version="1.0" encoding="ISO-8859-1"?>
<presentation>
    <text name="overskrift" plural="MiljosagsbehandlerNavn" value="MiljosagsbehandlerNavn"/>
    <columns>
        <column>
            <label>'Sagsbehandler:'</label>
            <value>SAGSBEHANDLER</value>
        </column>
	</columns>

<!--    <columns>
        <column>
            <label>'Sagsbehandler:'</label>
            <value>SAGSBEHANDLER</value>
        </column>
        <column>
            <label>'Afdeling:'</label>
            <value>AFDELING</value>
        </column>
        <column>
            <label>'Tlf nr.:'</label>
            <value>TLF_NR</value>
        </column>
        <column>
            <label>'Rum nr.:'</label>
            <value>RUM_NR</value>
        </column>
         <column format="org-pcolid">
            <label>if IsDefined(shape_wkt) then GeometryType(shape_wkt) else "GEOMETRY UNDEFINED" endif</label>
            <value>pcolid</value>
        </column> 
     </columns>-->
</presentation>
