<?xml version="1.0" encoding="ISO-8859-1"?>
<presentation>
    <text name="overskrift" plural="zonesager sagsbehandler" value="zonesager sagsbehandler"/>
    <columns>
        <column name="">
            <label><![CDATA[
                '<table>
                    <tr>
                        <td>Sagsbehandler:</td>
                        <td></td>
                        <td>'+SAGSBEHANDLER+'</td>
                    </tr>
                    <tr>
                        <td>Tlf nr:</td>
                        <td></td>
                        <td>'+TLF_NR+'</td>
                    </tr>
                </table>'
            ]]></label>
            <value></value>
        </column>
	</columns>

 <!--   <columns>
        <column format="heading">
            <label>" "</label>
            <value>SAGSBEHANDLER</value>
        </column>
        <column>
            <label>'Sagsbehandler:'</label>
            <value>SAGSBEHANDLER</value>
        </column>
        <column>
            <label>'Tlf nr.:'</label>
            <value>TLF_NR</value>
        </column>
        <column format="org-pcolid">
            <label>if IsDefined(shape_wkt) then GeometryType(shape_wkt) else "GEOMETRY UNDEFINED" endif</label>
            <value>pcolid</value>
        </column>
    <column format="imageURL">
          <condition>IsDefinedAndTrue ("hitimages.include")</condition>
          <label>'hitImage'</label>
          <value>CreateMapFromGeometry (profile, shape_wkt ,layers, hitimages.imagesize, hitimages.displaybuffer, "", hitimages.dynlayerprefix + '*')</value>
        </column>
     
    </columns>-->
</presentation>
