<?xml version="1.0" encoding="ISO-8859-1"?>
<presentation>
    <text name="overskrift" plural="Byggesagbehandlere_join" value="Byggesagbehandlere_join"/>
    <columns>
        <column name="">
            <label>'Sagsbehandler: ' </label>
            <value>sagsbehandler</value>
        </column>
         <column name="">
            <label>'Rum nr: '</label>
            <value>rum_nr</value>
        </column>
         <column name="">
            <label>'Konflikttekst: '</label>
            <value>konflikttekst</value>
        </column>
     </columns>
</presentation>
