<?xml version="1.0" encoding="ISO-8859-1"?>
<presentation>
    <text name="overskrift" plural="Matrikelkort" value="Matrikelkort"/>
    <columns>
        <column name="">
            <label>'Matrikelnummer: '+matrnr+' '+elavsnavn</label>
            <value></value>
        </column>
        <column name="">
            <label>'Ejendomsnr: '+esr_ejdnr</label>
            <value></value>
        </column>
        <column name="">
            <label>'Sogn: '+sognnavn</label>
            <value></value>
        </column>
		<column name="">
            <label>'Ejerlav: '+elavsnavn</label>
            <value></value>
        </column>

    </columns>
</presentation>
