<?xml version="1.0" encoding="ISO-8859-1"?>
<presentation>
    <text name="overskrift" plural="afstemningsomraader" value="afstemningsomraader:"/>
    <columns>
        <column name="">
            <label><![CDATA[
                '<table>
                    <tr>
                        <td colspan="3"><b></b></td>
                    </tr>
                    <tr>
                        <td><b>Afstemningsomr�der:</b></td>
                        <td></td>
                        <td>'+afstomnavn+'</td>
                    </tr>
                </table>'
            ]]></label>
            <value></value>
        </column>
	</columns>

</presentation>
