<?xml version="1.0" encoding="ISO-8859-1"?>
<presentation>
    <text name="overskrift" plural="Borgerm�de" value="Borgerm�de"/>
    <columns>
		<column name="">
            <label>'Afgiftsnummer:'</label>
            <value>afgnr</value>
        </column>
		<column name="">
            <label>'Registreringsnummer:'</label>
            <value>regnr</value>
        </column>
        <column name="">
            <label>'Navn:'</label>
            <value>navn</value>
        </column>
        <column name="">
            <label>'Adresse:'</label>
            <value>adreses</value>
        </column>
        <column name="">
            <label>'Tlfnr:'</label>
            <value>tlfnr</value>
        </column>
       	<column name="">
            <label>'Email:'</label>
            <value>mail</value>
        </column>
		<column name="">
            <label>'Indsigelse:'</label>
            <value>indsigelse</value>
        </column>
		<column name="">
            <label>'Filnavn:'</label>
            <value>filnavn</value>
        </column>
    </columns>
</presentation>
